rank,name,items,owners,link,Unnamed: 5,scan,contract address,Time,text plagiarism,image plagiarism,manual label,Creation Time >= 3,trading volume >= 1500,Official website verification,counterfeit_sure
12,Base azuki,10K,195,https://rarible.com/collection/base/0xe501b688d4b2c73549d4513bd5bc28c3085a180a,,Base,0xe501b688d4b2c73549d4513bd5bc28c3085a180a,2024/4/11 2:30,1,1,,,,,
272,Azuki Based Ape,917,65,https://rarible.com/collection/base/0x30fd2faa9a41de667d1d2326b03baa92b7b3d9c0,,Base,0x30fd2faa9a41de667d1d2326b03baa92b7b3d9c0,2023/8/20 21:22,1,,,,,,
273,Azuki,888,241,https://rarible.com/collection/base/0x6294529a8e0e46c8300c2525aefcfaa7528eb7cf,,Base,0x6294529a8e0e46c8300c2525aefcfaa7528eb7cf,2023/8/21 21:26,1,1,,,,,
35,Azuki Dolls,9.2K,9,https://rarible.com/collection/base/0x0d14c5737a1d6864604011553de281e75f7cf956,,Base,0x0d14c5737a1d6864604011553de281e75f7cf956,2024/5/29 14:02,1,,,,,,
36,Duck Azukis,8.1K,3.1K,https://rarible.com/collection/base/0xde28375d995b3568b0fd8cb8ce354800e783bce5,,Base,0xde28375d995b3568b0fd8cb8ce354800e783bce5,2024/6/11 18:07,1,,,,,,
4,Based Azuki Elementals,500,28,https://rarible.com/collection/base/0xe99cd1251ca63eaad5c0c81b628d9ba05bb0243e,,Base,0xe99cd1251ca63eaad5c0c81b628d9ba05bb0243e,2024/6/11 9:51,1,,,,,,
5,Based Azuki Elemental Beans,71,1.5K,https://rarible.com/collection/base/0x9ce99031c874ef4e5f247ebe13def0dfacc0f0d8,,Base,0x9ce99031c874ef4e5f247ebe13def0dfacc0f0d8,2024/6/11 11:11,1,,,,,,
63,Azukiapes,5.1K,3.1K,https://rarible.com/collection/base/0xc2884f4d234e9b5999d1fd200f4d384c7689b2d7,,Base,0xc2884f4d234e9b5999d1fd200f4d384c7689b2d7,2024/6/9 0:14,1,1,,,,,
78,Azuki Base,2.8K,340,https://rarible.com/collection/base/0x286ce4278213bf7b561763ebcf2342bb94e52858,,Base,0x286ce4278213bf7b561763ebcf2342bb94e52858,2024/4/7 17:52,1,1,,,,,
98,Azuki,2K,1,https://rarible.com/collection/celo/0x1bc22e048e648521f240615230904211fdf2f7a7,,Celo,0x1bc22e048e648521f240615230904211fdf2f7a7,,1,,,,,,
1,Azuki,4.6K,10K,https://rarible.com/azuki,,Ethereum,0xed5af388653567af2f388e6224dc7c4b3241c544,2022/1/12 12:17,0,0,0,1,1,1,
10,Azuki Land,10.3K,5.1K,https://rarible.com/collection/0x86a557014fb37ffe0bcf733dc2dc9df2d861b242,,Ethereum,0x86a557014fb37ffe0bcf733dc2dc9df2d861b242,2022/5/10 11:58,1,,,,,,
107,Azuki Milady,1.2K,285,https://rarible.com/collection/0x4a519d24a9d03e51e6da5732b16420b68943bc32,,Ethereum,0x4a519d24a9d03e51e6da5732b16420b68943bc32,2022/6/1 5:19,1,1,,,,,
108,Azuki x AMBUSH Hoodie,1.1K,27,https://rarible.com/collection/0x6df755abf00ea76723f4cadc05b37c011145c048,,Ethereum,0x6df755abf00ea76723f4cadc05b37c011145c048,2022/12/6 4:00,1,,,,,,
109,AscendedAzuki,1.3K,78,https://rarible.com/collection/0xdc869635d747e62bd739f4cebb281c4317feb378,,Ethereum,0xdc869635d747e62bd739f4cebb281c4317feb378,2022/3/23 0:56,1,,,,,,
11,OkayAzukiYachtClub,10K,799,https://rarible.com/collection/0xd1d29b66d30c932fc27824050489bfd6b63db175,,Ethereum,0xd1d29b66d30c932fc27824050489bfd6b63db175,2022/5/24 4:31,1,,,,,,
2,Azuki Elementals,6K,16.1K,https://rarible.com/azukielementals,,Ethereum,0xb6a37b5d14d502c3ab0ae6f3a0e058bc9517786e,2023/6/28 2:46,1,1,,,,,
267,ColorPencil Azuki,964,931,https://rarible.com/collection/0x05c8ae6765f170b7114f6e00ac2275b2b80ff789,,Ethereum,0x05c8ae6765f170b7114f6e00ac2275b2b80ff789,2022/4/18 13:12,1,,,,,,
268,ColorPencil Azuki,999,1.5K,https://rarible.com/collection/0x15f58fd40a01dae0fdff6fd0cef35cd3e49d647e,,Ethereum,0x15f58fd40a01dae0fdff6fd0cef35cd3e49d647e,2022/2/17 1:41,1,,,,,,
269,Mutant Azuki,938,55,https://rarible.com/collection/0x1c33f262be2f83baa871fe73f8b8603ee0da4252,,Ethereum,0x1c33f262be2f83baa871fe73f8b8603ee0da4252,2022/4/3 17:18,1,,,,,,
27,Gutter Punks Flyer - Azuki,10K,5.6K,https://rarible.com/collection/0x080b2b89e7a7014145c198d84f9fbebf124ed2e8,,Ethereum,0x080b2b89e7a7014145c198d84f9fbebf124ed2e8,2022/3/21 14:55,1,,,,,,
270,AzukiGiveaway,948,48,https://rarible.com/collection/0x4d3dd329db4b435e8a3ac3a597ba41294f1c7a77,,Ethereum,0x4d3dd329db4b435e8a3ac3a597ba41294f1c7a77,2022/4/8 21:05,1,,,,,,
271,AzukiPotatoes,1K,165,https://rarible.com/collection/0xde69f084e4f18dfab9e1858273b1f4e366e4de4d,,Ethereum,0xde69f084e4f18dfab9e1858273b1f4e366e4de4d,2022/3/13 8:15,1,,,,,,
28,Not Azuki,7.2K,515,https://rarible.com/collection/0x28753c4925d10eabfec8a34e6d0db82bd6daa12c,,Ethereum,0x28753c4925d10eabfec8a34e6d0db82bd6daa12c,2022/5/20 8:34,1,,,,,,
29,KNGDM Dragons Egg,7.8K,3,https://rarible.com/KNGDMDragonsEgg,,Ethereum,0x31379e9ab5262ef9a1f149be2470af79882d82be,2023/3/12 9:29,1,,,,,,
3,Azuki Elemental Beans,3.8K,1.6K,https://rarible.com/azukielementalbeans,,Ethereum,0x3af2a97414d1101e2107a70e7f33955da1346305,2023/6/24 15:01,1,,,,,,
30,Azuki On Bear Market,10K,411,https://rarible.com/collection/0x837d4c907a1d8fc1575dccfd79dd7fb285a3f8d7,,Ethereum,0x837d4c907a1d8fc1575dccfd79dd7fb285a3f8d7,2022/7/28 19:53,1,,,,,,
31,Mutant Okay Azukis,6.9K,371,https://rarible.com/mutant-okay-azukis,,Ethereum,0xcf3586d2437244c83df9a569d94c840451e7fb1d,2022/5/27 14:16,1,1,,,,,
32,OkayAzukis,10K,2.4K,https://rarible.com/okayazukis,,Ethereum,0xe4812b063daf6345bd16e2c9ed285ff5d740ae09,2022/5/21 12:51,1,1,,,,,
33,Azuki Mfer,10K,2.9K,https://rarible.com/collection/0xee467844905022d2a6cc1da7a0b555608faae751,,Ethereum,0xee467844905022d2a6cc1da7a0b555608faae751,2022/2/22 10:08,1,,,,,,
34,COLORPENCIL X AZUKI,8K,4.8K,https://rarible.com/collection/0xf603f99c529b33b0ea1684ec48dba42e78697359,,Ethereum,0xf603f99c529b33b0ea1684ec48dba42e78697359,2022/3/31 6:34,1,,,,,,
47,AzukiPixel,5.3K,79,https://rarible.com/collection/0x05efb78f91ba0e070f47868a08e48d9f9612ea05,,Ethereum,0x05efb78f91ba0e070f47868a08e48d9f9612ea05,2022/8/28 3:01,1,,,,,,
48,NoAzukiNoApe,5.5K,1.3K,https://rarible.com/noazukinoape,,Ethereum,0x0dc56a3b08b8bf1545e08b840eeb085b9c123763,2022/6/28 5:54,1,,,,,,
49,ColorPencil X Azuki,6K,3.5K,https://rarible.com/collection/0x2092dd6823f02605be9e907070cb14f3b9e38cfe,,Ethereum,0x2092dd6823f02605be9e907070cb14f3b9e38cfe,2022/3/28 0:56,1,,,,,,
50,Pixel Azukis,4K,294,https://rarible.com/collection/0x3171f57de9f9a829288e2d4dee526b6063214797,,Ethereum,0x3171f57de9f9a829288e2d4dee526b6063214797,2022/3/26 10:45,1,,,,,,
51,Azuki Doodles,4.5K,554,https://rarible.com/collection/0x37bf4dc8630fea01b95d325ee914356f0d390eb4,,Ethereum,0x37bf4dc8630fea01b95d325ee914356f0d390eb4,2022/3/6 20:49,1,,,,,,
52,VintageAzukis,3.3K,208,https://rarible.com/collection/0x60fcb1d9cb05dcca202a7089679d7173010380ed,,Ethereum,0x60fcb1d9cb05dcca202a7089679d7173010380ed,2022/4/4 14:40,1,,,,,,
53,AzuKID DAO,3.3K,1.1K,https://rarible.com/collection/0x7581f90f03f1f3ed8dc1755caecb4fd2495c48c6,,Ethereum,0x7581f90f03f1f3ed8dc1755caecb4fd2495c48c6,2022/1/31 0:32,1,,,,,,
54,STAC Flyer - Azuki,5.4K,5.4K,https://rarible.com/collection/0x76788c4c37ed7ab4468dd5892a8b14117063a34d,,Ethereum,0x76788c4c37ed7ab4468dd5892a8b14117063a34d,2022/4/21 11:53,1,,,,,,
55,Azukigos,5.6K,821,https://rarible.com/collection/0x9bd932db7616d9e9a7fee911cac60e79118599f4,,Ethereum,0x9bd932db7616d9e9a7fee911cac60e79118599f4,2023/4/10 19:21,1,,,,,,
56,AzukiX,5.1K,697,https://rarible.com/collection/0xa108bd591ef5c11c80ab22e96b236a88dfe928de,,Ethereum,0xa108bd591ef5c11c80ab22e96b236a88dfe928de,2022/2/19 20:00,1,,,,,,1
57,Azuki BoringPunks,3.5K,515,https://rarible.com/collection/0xa9a2cdd3c8bd8794d229d40368ec7d74fe966a1d,,Ethereum,0xa9a2cdd3c8bd8794d229d40368ec7d74fe966a1d,2023/6/18 0:58,1,,,,,,
58,AzukiPunks,4.5K,963,https://rarible.com/collection/0xad7ae0ed521cc263cea686c059b521f0a20a780f,,Ethereum,0xad7ae0ed521cc263cea686c059b521f0a20a780f,2022/1/23 11:01,1,,,,,,
59,AZUKILOSER,5.8K,941,https://rarible.com/collection/0xb0693f0923031dd14e204d85d2180e26836c00fb,,Ethereum,0xb0693f0923031dd14e204d85d2180e26836c00fb,2023/6/28 12:14,1,,,,,,
60,Cashgrab Azuki,5.6K,1.9K,https://rarible.com/collection/0xc1c7b914c9bd03a758f5baf05582c898fe2305c6,,Ethereum,0xc1c7b914c9bd03a758f5baf05582c898fe2305c6,2023/6/28 9:22,1,1,,,,,
61,AzukiArt,3.4K,1.1K,https://rarible.com/azukiart,,Ethereum,0xebbb641dfe14805939b6cc25d2a90c93bd6a2021,2022/6/22 22:00,1,1,,,,,
62,RR/AZUKI,4.4K,884,https://rarible.com/collection/0xf647d29e93279d275c554216ee0ed2ea28a2d577,,Ethereum,0xf647d29e93279d275c554216ee0ed2ea28a2d577,2022/6/21 11:36,1,1,,,,,
67,Azuki For People,3.3K,222,https://rarible.com/collection/0x0bc040c6f7440b7b2378d4296005aff3eba81511,,Ethereum,0x0bc040c6f7440b7b2378d4296005aff3eba81511,2022/4/4 4:18,1,1,,,,,
68,0xAzukiApesExpansion,3.3K,837,https://rarible.com/0xsocialclubexpansion,,Ethereum,0x121f509d496ff8b384ea41c565cfd9110152112b,2022/3/17 1:30,1,1,,,,,
69,AzukiApeSocialClub,3.3K,861,https://rarible.com/azukiapesocialclub,,Ethereum,0x813b5c4ae6b188f4581aa1dfdb7f4aba44aa578b,2022/2/26 21:56,1,,,,,,
7,motozuki.com Mint Pass,10K,1,https://rarible.com/collection/0x506130047cd7a60322349881447d277e9ba2b54e,,Ethereum,0x506130047cd7a60322349881447d277e9ba2b54e,2022/11/6 20:23,1,,,,,,
70,OkayDuckAzukis,2.9K,396,https://rarible.com/collection/0x9343d7a00ff910bf97c074eb839c431989d23e62,,Ethereum,0x9343d7a00ff910bf97c074eb839c431989d23e62,2022/5/26 7:20,1,,,,,,
71,Pixel Azuki,2.7K,288,https://rarible.com/collection/0x9ffe14ef22d5185e651035f526e9c6d2e306c70f,,Ethereum,0x9ffe14ef22d5185e651035f526e9c6d2e306c70f,2022/1/20 13:23,1,1,,,,,
72,Azuki Ape,2.1K,271,https://rarible.com/collection/0xa7156d63d1e8fc24695ee6b636635d0176443520,,Ethereum,0xa7156d63d1e8fc24695ee6b636635d0176443520,2022/4/8 21:44,1,,,,,,
73,Azuki Apes,2.2K,472,https://rarible.com/azuki-apes-2,,Ethereum,0xc14e16261662887954d38e4fa788c7a9e78a54f0,2023/6/7 5:54,1,1,,,,,
74,RoyalAzuki,3.1K,439,https://rarible.com/collection/0xca238c94127f87bba95f5900394182510bf62e8e,,Ethereum,0xca238c94127f87bba95f5900394182510bf62e8e,2022/4/4 23:45,1,1,,,,,
75,Milady Azuki,2.9K,309,https://rarible.com/collection/0xdbf2ddfa20a164453c870202393d1df5954eba0b,,Ethereum,0xdbf2ddfa20a164453c870202393d1df5954eba0b,2023/5/14 7:58,1,,,,,,
76,MotoZuki.com Mint Pass,2.1K,1,https://rarible.com/collection/0xf4f5d9fff31df5d793f3651ba121488ae26a20e4,,Ethereum,0xf4f5d9fff31df5d793f3651ba121488ae26a20e4,2022/11/7 19:18,1,,,,,,
77,AzukiPixel,2.6K,512,https://rarible.com/collection/0xfa58886a3ab05cbb6c335f57ebdff52a82ccd2cf,,Ethereum,0xfa58886a3ab05cbb6c335f57ebdff52a82ccd2cf,2022/8/6 22:45,1,,,,,,
8,Basic Azuki,15K,2K,https://rarible.com/collection/0x5434db2bb856430e3620c1b9ca42e680b413aef3,,Ethereum,0x5434db2bb856430e3620c1b9ca42e680b413aef3,2023/6/28 15:11,1,,,,,,
87,BitcoinAzuki,1.4K,247,https://rarible.com/collection/0x29f0fff21b73501d030e57811135996b254177ab,,Ethereum,0x29f0fff21b73501d030e57811135996b254177ab,2023/3/31 6:22,1,,,,,,
88,y00ts Azuki,1.5K,14,https://rarible.com/collection/0x446644343d491ac78b5d1b28cc1f2d1b6faf29ce,,Ethereum,0x446644343d491ac78b5d1b28cc1f2d1b6faf29ce,2022/9/7 19:16,1,,,,,,
89,Arkaine,1.7K,41,https://rarible.com/arkaine,,Ethereum,0x507d8aae6450e212735444fb4a47eb88dcb1eba7,2023/10/9 6:50,1,,,,,,
9,Momoco Azuki,39.2K,17.6K,https://rarible.com/collection/0x5838f7c3d22da78d8f473130ed80ed07dd1df2eb,,Ethereum,0x5838f7c3d22da78d8f473130ed80ed07dd1df2eb,2022/4/14 20:54,1,,,,,,
90,Azukimfer,2K,163,https://rarible.com/collection/0x52f16e3924f89cdda35906c012649e907ff48782,,Ethereum,0x52f16e3924f89cdda35906c012649e907ff48782,2022/3/3 19:10,1,,,,,,
91,The Official Azuki Ape,1.5K,312,https://rarible.com/collection/0x54f4724b58497454f95a1a2bfcafb918b033eb6f,,Ethereum,0x54f4724b58497454f95a1a2bfcafb918b033eb6f,2022/3/26 21:12,1,,,,,,
92,AzukiGoblin,1.7K,538,https://rarible.com/collection/0x5cb035bd1406b855198e9301f0a9d1b8ba428322,,Ethereum,0x5cb035bd1406b855198e9301f0a9d1b8ba428322,2022/5/28 7:04,1,,,,,,
93,Azuki X BAYC,1.6K,1.3K,https://rarible.com/collection/0x7140bf128b9e2d3390af0d2ef5628ee4976b6586,,Ethereum,0x7140bf128b9e2d3390af0d2ef5628ee4976b6586,2022/5/6 7:22,1,,,,,,1
94,azukiart,1.9K,674,https://rarible.com/collection/0x7756f945a7c80ec83eb34e93a6384898fd65f18d,,Ethereum,0x7756f945a7c80ec83eb34e93a6384898fd65f18d,2022/6/21 0:54,1,,,,,,1
95,RengAzuki,1.5K,1K,https://rarible.com/collection/0xbdcd6a2da65e3bf2aa44003ef180c58609ef6905,,Ethereum,0xbdcd6a2da65e3bf2aa44003ef180c58609ef6905,2022/9/20 6:20,1,,,,,,
96,Azuki Demon,1.7K,860,https://rarible.com/collection/0xc5f86533d7b36154346e35356cc5c1498d247a93,,Ethereum,0xc5f86533d7b36154346e35356cc5c1498d247a93,2022/4/17 1:29,1,1,,,,,
97,Mutant Azuki,1.5K,378,https://rarible.com/collection/0xe36fd7cd5c67e0d7c3ce9a413a52b63592fd287a,,Ethereum,0xe36fd7cd5c67e0d7c3ce9a413a52b63592fd287a,2022/4/5 21:27,1,,,,,,
37,00000 Azuki X,10K,4.4K,https://rarible.com/collection/immutablex/0xf01d46fd103fcb74c80b43f5b4412fdc4585e6d4,,Immutable X,0xf01d46fd103fcb74c80b43f5b4412fdc4585e6d4,,1,,,,,,
100,0xAzuki Mutant,2K,1,https://rarible.com/collection/polygon/0x10613b2f6ec38a0b5664070bacdd4b7e1c6c2738,,Polygon,0x10613b2f6ec38a0b5664070bacdd4b7e1c6c2738,2022/4/8 16:25,1,,,,,,
101,Azuki 12^2,1.7K,147,https://rarible.com/collection/polygon/0x320cf6a35a3c36cf8f55f95be85ca144f7d99cc9,,Polygon,0x320cf6a35a3c36cf8f55f95be85ca144f7d99cc9,2022/3/11 13:26,1,1,,,,,
103,ColoredAzuki,1.5K,19,https://rarible.com/coloredazuki,,Polygon,0xb3407d38217e4cd4d8fa5301bf44b33f7fa540aa,2022/4/16 3:45,1,1,,,,,
104,Azuki Polygon,1.5K,1,https://rarible.com/collection/polygon/0xc3b49a4c830fd1a16c7d49c9c1a7d0682da61648,,Polygon,0xc3b49a4c830fd1a16c7d49c9c1a7d0682da61648,2022/2/9 0:45,1,1,,,,,
105,BabyAzuki BBZ,1.5K,1,https://rarible.com/collection/polygon/0xdcf7a507cd099ea22677a3b1d9ce814943d01602,,Polygon,0xdcf7a507cd099ea22677a3b1d9ce814943d01602,2022/4/5 13:09,1,,,,,,
106,adidas For Azuki,1.5K,1,https://rarible.com/collection/polygon/0xe6ecc80cd6e59a1630e09b1314c608fd7e44e652,,Polygon,0xe6ecc80cd6e59a1630e09b1314c608fd7e44e652,2022/2/22 4:03,1,,,,,,
110,Poly Azuki,1.4K,1.4K,https://rarible.com/collection/polygon/0x28856c3796aab504bd192291c4a2910eb273ac1f,,Polygon,0x28856c3796aab504bd192291c4a2910eb273ac1f,2022/6/20 19:20,1,,,,,,
111,AzukiApeSocialpolyClub,1.2K,53,https://rarible.com/collection/polygon/0x2b752a8b26f24ec45f2854b3fdd38910dd422d74,,Polygon,0x2b752a8b26f24ec45f2854b3fdd38910dd422d74,2022/3/12 3:09,1,1,,,,,
112,ShadowAzukiApe,1K,770,https://rarible.com/collection/polygon/0x36c5fb767d039a9bad12ca070d9a33a847e1604b,,Polygon,0x36c5fb767d039a9bad12ca070d9a33a847e1604b,2022/5/5 0:06,1,1,,,,,
114,0xAzuki Mutant,1K,3,https://rarible.com/collection/polygon/0x9ab7b04e49c0ccf063cc888e0e9cbb5a4c1a3ed2,,Polygon,0x9ab7b04e49c0ccf063cc888e0e9cbb5a4c1a3ed2,2022/4/8 19:19,1,,,,,,
115,Azuki,1.2K,469,https://rarible.com/collection/polygon/0xbdea6285d9701c56abaa3c700403bc7cedaf8a76,,Polygon,0xbdea6285d9701c56abaa3c700403bc7cedaf8a76,2023/5/23 6:01,1,1,,,,,
116,0xAzuki Mutant,1K,5,https://rarible.com/collection/polygon/0xc711a8e1d094d4870f2a26c03d80f704f037f7a5,,Polygon,0xc711a8e1d094d4870f2a26c03d80f704f037f7a5,2022/4/8 18:48,1,,,,,,
117,Azuki BEANZ Official,1.3K,2,https://rarible.com/collection/polygon/0xd127a95ca9b32307a9a2e64e6372c4d58b2ca694,,Polygon,0xd127a95ca9b32307a9a2e64e6372c4d58b2ca694,2022/5/6 12:26,1,,,,,,
118,Azuki Polygon NFT,1.2K,104,https://rarible.com/collection/polygon/0xd7f156b405ec737dc7237d953646b7b8414d521e,,Polygon,0xd7f156b405ec737dc7237d953646b7b8414d521e,2023/3/5 17:56,1,,,,,,
119,AzukiSketch,1.3K,49,https://rarible.com/collection/polygon/0xe61bc56f2a23f57ff4eefb1437c00df6b31eb119,,Polygon,0xe61bc56f2a23f57ff4eefb1437c00df6b31eb119,2022/4/1 6:28,1,,,,,,
120,0xAzuki Mutant,1K,6,https://rarible.com/collection/polygon/0xf269b006e18b4f5de2bc4a49f870a489ac69b233,,Polygon,0xf269b006e18b4f5de2bc4a49f870a489ac69b233,2022/4/8 20:51,1,,,,,,
121,The Azuki PBT Originals Pass,1K,2,https://rarible.com/collection/polygon/0xf4323963106ad316b63da12f3dde736dccc5e793,,Polygon,0xf4323963106ad316b63da12f3dde736dccc5e793,2023/1/13 8:19,1,,,,,,
122,Azuki Dragon Skateboard NFT Pass,1K,128,https://rarible.com/collection/polygon/0xf45cb1aa60ec2a2d81994f354d1541d3ccd78071,,Polygon,0xf45cb1aa60ec2a2d81994f354d1541d3ccd78071,2023/1/16 21:02,1,,,,,,
123,The Azuki PBT Genesis Pass,1K,502,https://rarible.com/collection/polygon/0xf69f817f0885400ff9f892a0b04d0ec27958b726,,Polygon,0xf69f817f0885400ff9f892a0b04d0ec27958b726,2023/5/3 18:19,1,,,,,,
124,The Azuki Lei Jacket Pass Official,1K,393,https://rarible.com/collection/polygon/0xf8e93864e65c293a8b0e40978536a6e9300d018b,,Polygon,0xf8e93864e65c293a8b0e40978536a6e9300d018b,2023/2/9 11:44,1,,,,,,
127,The Azuki PBT Limited Pass,1K,502,https://rarible.com/collection/polygon/0xce7e72374ecce1f2367649afbd7396e418d97a1b,,Polygon,0xce7e72374ecce1f2367649afbd7396e418d97a1b,2023/5/3 18:05,1,,,,,,
128,The Azuki PBT Official Pass,1K,2,https://rarible.com/collection/polygon/0xcf4830c57cd13d9b7dc37de7db7d3631bd699306,,Polygon,0xcf4830c57cd13d9b7dc37de7db7d3631bd699306,2023/1/13 8:21,1,,,,,,
129,Azuki Originals Lei Jacket Pass,1K,395,https://rarible.com/collection/polygon/0xd52fcfec831255748dd3a0d5eb007ccf0ff36d0d,,Polygon,0xd52fcfec831255748dd3a0d5eb007ccf0ff36d0d,2023/2/9 11:43,1,,,,,,
130,Azuki X PBT Origins Pass,1K,2,https://rarible.com/collection/polygon/0xd57a25bf46976836c80902795d674c20ee997507,,Polygon,0xd57a25bf46976836c80902795d674c20ee997507,2023/1/13 8:20,1,,,,,,
131,The Azuki Lei Jacket Pass Special,1K,394,https://rarible.com/collection/polygon/0xd5849dfb908c02a82c2384b3f0265ec54f9a5333,,Polygon,0xd5849dfb908c02a82c2384b3f0265ec54f9a5333,2023/2/9 11:44,1,,,,,,
132,Azuki Genesis Lei Jacket Pass,1K,395,https://rarible.com/collection/polygon/0xd91e39324d514ea5f612a04da31859728abc562c,,Polygon,0xd91e39324d514ea5f612a04da31859728abc562c,2023/2/9 10:21,1,,,,,,
133,Azuki X PBT Limited Pass,1K,2,https://rarible.com/collection/polygon/0xdd38ab9bde481364036447e5584ef02ca5a85b60,,Polygon,0xdd38ab9bde481364036447e5584ef02ca5a85b60,2023/1/13 8:21,1,,,,,,
134,Azuki PBT Official Pass,1K,2,https://rarible.com/collection/polygon/0xdeafc949ff7387f812ca0098fb1d5c98ad8ecce5,,Polygon,0xdeafc949ff7387f812ca0098fb1d5c98ad8ecce5,2023/1/13 8:20,1,,,,,,
135,The Azuki PBT Originals Pass,1K,502,https://rarible.com/collection/polygon/0xdebb0f57f22ba16b5237e0872d295a24712674fd,,Polygon,0xdebb0f57f22ba16b5237e0872d295a24712674fd,2023/5/3 18:19,1,,,,,,
136,The Azuki Lei Jacket Pass Genesis,1K,396,https://rarible.com/collection/polygon/0xe0c2a6956009865ce62e29ca4e3e461829457ddd,,Polygon,0xe0c2a6956009865ce62e29ca4e3e461829457ddd,2023/2/9 11:44,1,,,,,,
137,The Azuki Dragon Skateboard Origin Pass,1K,128,https://rarible.com/collection/polygon/0xe3fa999490ce88a5e5df91901dc00efbe3212d90,,Polygon,0xe3fa999490ce88a5e5df91901dc00efbe3212d90,2023/1/16 21:02,1,,,,,,
138,The Azuki Special Lei Jacket Pass,1K,394,https://rarible.com/collection/polygon/0xe4c5edcee86c74d96cf3364d6a1800296a24fbdd,,Polygon,0xe4c5edcee86c74d96cf3364d6a1800296a24fbdd,2023/2/9 11:45,1,,,,,,
139,The Azuki Dragon Skateboard NFT Pass,1K,121,https://rarible.com/collection/polygon/0xe522dece57b29f244e5cfa26d250f5cf9936ef1b,,Polygon,0xe522dece57b29f244e5cfa26d250f5cf9936ef1b,2023/1/16 20:42,1,,,,,,
14,Azuki Official,10K,9,https://rarible.com/collection/polygon/0x377a67315faf867e16ac073c5605adf114c353a3,,Polygon,0x377a67315faf867e16ac073c5605adf114c353a3,2022/3/17 4:34,1,1,,,,,
140,Top Azuki PBT Genesis Pass,1K,160,https://rarible.com/collection/polygon/0xe686cfd59fc603a9c5dbfd3175c9a1b48e597950,,Polygon,0xe686cfd59fc603a9c5dbfd3175c9a1b48e597950,2023/1/13 9:03,1,,,,,,
141,Azuki X PBT Original Pass,1K,2,https://rarible.com/collection/polygon/0xe7df0779e1c51c8ed23f9311eac6bc2faa37c8f3,,Polygon,0xe7df0779e1c51c8ed23f9311eac6bc2faa37c8f3,2023/1/13 8:19,1,,,,,,
142,The Great Azuki,1K,10K,https://rarible.com/collection/polygon/0xe82364856c0e44a4ef0da65213571a04cedbdf51,,Polygon,0xe82364856c0e44a4ef0da65213571a04cedbdf51,2022/6/20 20:21,1,,,,,,
143,The Azuki PBT Collection Pass,1K,502,https://rarible.com/collection/polygon/0xe9e4a87027a7614fe203e08b5894efee2c99bc7d,,Polygon,0xe9e4a87027a7614fe203e08b5894efee2c99bc7d,2023/5/3 18:05,1,,,,,,
144,The Azuki PBT Official Pass,1K,502,https://rarible.com/collection/polygon/0xebf8e71a0366f8ceb16b682a7143099eb3480468,,Polygon,0xebf8e71a0366f8ceb16b682a7143099eb3480468,2023/5/3 18:19,1,,,,,,
145,Azuki PBT Origin Pass,1K,2,https://rarible.com/collection/polygon/0xef26dfc63b379f422c380ff2821909765f58a373,,Polygon,0xef26dfc63b379f422c380ff2821909765f58a373,2023/1/13 8:19,1,,,,,,
146,Tokyo Azuki PBT Originals Pass,1K,160,https://rarible.com/collection/polygon/0xf00546ab037a6ceea50db2ab26c6499bfa982b71,,Polygon,0xf00546ab037a6ceea50db2ab26c6499bfa982b71,2023/1/13 9:03,1,,,,,,
147,Azuki Special Lei Jacket Pass,1K,395,https://rarible.com/collection/polygon/0xba1395fd928479b8010d0a2141dd427759a06450,,Polygon,0xba1395fd928479b8010d0a2141dd427759a06450,2023/2/9 11:44,1,,,,,,
148,The Azuki PBT Limited Pass,1K,2,https://rarible.com/collection/polygon/0xbb37e9a2d241d982ab024f5811cceb11d604d145,,Polygon,0xbb37e9a2d241d982ab024f5811cceb11d604d145,2023/1/13 8:20,1,,,,,,
149,Azuki Dragon Skateboard Limited Pass,1K,128,https://rarible.com/collection/polygon/0xbb97b0093110e825baa2f4e44aaf02a359538cca,,Polygon,0xbb97b0093110e825baa2f4e44aaf02a359538cca,2023/1/16 20:42,1,,,,,,
15,Azuki,10K,1,https://rarible.com/collection/polygon/0x3d3b9b58d060f85aaaedd1fc2051d6951d32be45,,Polygon,0x3d3b9b58d060f85aaaedd1fc2051d6951d32be45,2022/11/14 23:12,1,,,,,,
150,Azuki PBT Limited Pass,1K,2,https://rarible.com/collection/polygon/0xbc30ece298ff41173d544c74d60a278d81727283,,Polygon,0xbc30ece298ff41173d544c74d60a278d81727283,2023/1/13 8:21,1,,,,,,
151,The Azuki Dragon Skateboard Genesis Pass,1K,128,https://rarible.com/collection/polygon/0xbcb171c57f9e18b58bb267b378cf825e14859877,,Polygon,0xbcb171c57f9e18b58bb267b378cf825e14859877,2023/1/16 21:02,1,,,,,,
152,The Azuki PBT Origins Pass,1K,502,https://rarible.com/collection/polygon/0xbd45b09d24e8672f541dc979467f951b245a53b9,,Polygon,0xbd45b09d24e8672f541dc979467f951b245a53b9,2023/5/3 18:19,1,,,,,,
153,Top Azuki PBT Origin Pass,1K,160,https://rarible.com/collection/polygon/0xbd720ad305d979ced72c4b37b1e766c52535e7f1,,Polygon,0xbd720ad305d979ced72c4b37b1e766c52535e7f1,2023/1/13 9:05,1,,,,,,
154,Azuki Lei Jacket Pass Origin,1K,396,https://rarible.com/collection/polygon/0xbd993cba0d550bac92269fe0ab9f9f9e9f1bf801,,Polygon,0xbd993cba0d550bac92269fe0ab9f9f9e9f1bf801,2023/2/9 11:43,1,,,,,,
155,Azuki X PBT Origin Pass,1K,2,https://rarible.com/collection/polygon/0xbf09cd33a7bef4249e80cf7343167aaa9c3e629b,,Polygon,0xbf09cd33a7bef4249e80cf7343167aaa9c3e629b,2023/1/13 8:19,1,,,,,,
156,Azuki X PBT Officials Pass,1K,2,https://rarible.com/collection/polygon/0xc19cfbdf935b2584a78782999d661927082c9a99,,Polygon,0xc19cfbdf935b2584a78782999d661927082c9a99,2023/1/13 8:21,1,,,,,,
157,The Azuki Lei Jacket Pass Officials,1K,393,https://rarible.com/collection/polygon/0xc24aec0a6721daaac0340d9e7ec29287c97703b1,,Polygon,0xc24aec0a6721daaac0340d9e7ec29287c97703b1,2023/2/9 11:44,1,,,,,,
158,Azuki Lei Jacket Pass Genuine,1K,396,https://rarible.com/collection/polygon/0xc2b3ee8a1c3270e97dba6b5fb58cbc5a0ac0df82,,Polygon,0xc2b3ee8a1c3270e97dba6b5fb58cbc5a0ac0df82,2023/2/9 10:20,1,,,,,,
159,Azuki PBT Origins Pass,1K,502,https://rarible.com/collection/polygon/0xc78376d8ae8126bab96387a04b7e599c75dbdbb3,,Polygon,0xc78376d8ae8126bab96387a04b7e599c75dbdbb3,2023/5/3 18:19,1,,,,,,
16,Manga Baby Azuki,10K,59,https://rarible.com/collection/polygon/0x44f0025cfbdf1ca130e25fb1e6cc9e96e5312f76,,Polygon,0x44f0025cfbdf1ca130e25fb1e6cc9e96e5312f76,2022/3/12 16:20,1,1,,,,,
160,The Azuki Genesis Lei Jacket Pass,1K,396,https://rarible.com/collection/polygon/0xc79971102f528c16510b573542ed926c8841c465,,Polygon,0xc79971102f528c16510b573542ed926c8841c465,2023/2/9 11:44,1,,,,,,
161,Top Azuki PBT Official Pass,1K,160,https://rarible.com/collection/polygon/0xc8ee58d74d04ec5a63560fb609df0c57eae23447,,Polygon,0xc8ee58d74d04ec5a63560fb609df0c57eae23447,2023/1/13 9:05,1,,,,,,
162,Azuki Origin Lei Jacket Pass,1K,396,https://rarible.com/collection/polygon/0xcb5b8913b1b60e100db30935a90db9d8fdf6533c,,Polygon,0xcb5b8913b1b60e100db30935a90db9d8fdf6533c,2023/2/9 11:43,1,,,,,,
163,The Azuki PBT Origin Pass,1K,2,https://rarible.com/collection/polygon/0xcb99ac6fc1fedb515b96b88433bd55c7e19bfaad,,Polygon,0xcb99ac6fc1fedb515b96b88433bd55c7e19bfaad,2023/1/13 8:20,1,,,,,,
164,Azuki PBT Collection Pass,1K,502,https://rarible.com/collection/polygon/0xcbccf1af58f3aa4e459d77fbde66e365f59b0bba,,Polygon,0xcbccf1af58f3aa4e459d77fbde66e365f59b0bba,2023/5/3 18:19,1,,,,,,
165,Last Azuki PBT Genesis Pass,1K,160,https://rarible.com/collection/polygon/0xcbe3314edaf950ac00f720de9cb55f7ea2a58381,,Polygon,0xcbe3314edaf950ac00f720de9cb55f7ea2a58381,2023/1/13 9:05,1,,,,,,
166,Big Azuki,1K,10K,https://rarible.com/collection/polygon/0xcd248bef91fa3edac1cc17afa60e64b399b65148,,Polygon,0xcd248bef91fa3edac1cc17afa60e64b399b65148,2022/6/20 20:23,1,,,,,,
167,Tokyo Azuki PBT Officials Pass,1K,160,https://rarible.com/collection/polygon/0x9d2d70140b5ec3d182294238cd09df62f89b7154,,Polygon,0x9d2d70140b5ec3d182294238cd09df62f89b7154,2023/1/13 9:05,1,,,,,,
168,The Azuki Lei Jacket Pass Original,1K,396,https://rarible.com/collection/polygon/0xa01dff47c8ec0d52b65e85ebd0ce4ffb29267401,,Polygon,0xa01dff47c8ec0d52b65e85ebd0ce4ffb29267401,2023/2/9 11:44,1,,,,,,
169,Azuki Dragon Skateboard Official Pass,1K,128,https://rarible.com/collection/polygon/0xa14bd1f137c8f8ee8d35f9a304d2b37758454a97,,Polygon,0xa14bd1f137c8f8ee8d35f9a304d2b37758454a97,2023/1/16 21:02,1,,,,,,
17,Azuki,10K,1,https://rarible.com/collection/polygon/0x57aedae1123e4f896f5b143fd0a18d29424e1a80,,Polygon,0x57aedae1123e4f896f5b143fd0a18d29424e1a80,2022/1/24 22:12,1,1,,,,,
170,Azuki Dragon Skateboard Original Pass,1K,128,https://rarible.com/collection/polygon/0xa34a506833f10314e0d6c1d36089859026cabf36,,Polygon,0xa34a506833f10314e0d6c1d36089859026cabf36,2023/1/16 21:02,1,,,,,,
171,The Azuki Limited Lei Jacket Pass,1K,394,https://rarible.com/collection/polygon/0xa6933d7f4d6cf4e9228d5653bc01eb837f4dfa07,,Polygon,0xa6933d7f4d6cf4e9228d5653bc01eb837f4dfa07,2023/2/9 11:44,1,,,,,,
172,The Azuki PBT Officials Pass,1K,2,https://rarible.com/collection/polygon/0xa80dfbb00e1946d4d31bb3d1208543a9a744aea3,,Polygon,0xa80dfbb00e1946d4d31bb3d1208543a9a744aea3,2023/1/13 8:19,1,,,,,,
173,Azuki Limited Lei Jacket Pass,1K,396,https://rarible.com/collection/polygon/0xa8a18de151a44cbd64ffb562ad8ac24872c573b0,,Polygon,0xa8a18de151a44cbd64ffb562ad8ac24872c573b0,2023/2/9 10:21,1,,,,,,
174,Azuki X PBT Official Pass,1K,2,https://rarible.com/collection/polygon/0xa8f74373a859832c5a4bb26b0da0c48146e40ada,,Polygon,0xa8f74373a859832c5a4bb26b0da0c48146e40ada,2023/1/13 8:21,1,,,,,,
175,Tokyo Azuki PBT Genesis Pass,1K,160,https://rarible.com/collection/polygon/0xa936573f2483282c5726ec9983c3319448f7e6ff,,Polygon,0xa936573f2483282c5726ec9983c3319448f7e6ff,2023/1/13 9:05,1,,,,,,
176,Azuki PBT Official Pass,1K,502,https://rarible.com/collection/polygon/0xaba02dcc20c1f90825923b5a62a19070aa5c5a64,,Polygon,0xaba02dcc20c1f90825923b5a62a19070aa5c5a64,2023/5/3 18:19,1,,,,,,
177,Tokyo Azuki PBT Origins Pass,1K,154,https://rarible.com/collection/polygon/0xaf0c21f14f06f7bd7082aa452e0c6259bfe039c2,,Polygon,0xaf0c21f14f06f7bd7082aa452e0c6259bfe039c2,2023/1/13 9:05,1,,,,,,
178,Azuki PBT Genesis Pass,1K,2,https://rarible.com/collection/polygon/0xafc1cee37a433951f6e6ac24f9981b85a067ee46,,Polygon,0xafc1cee37a433951f6e6ac24f9981b85a067ee46,2023/1/13 8:20,1,,,,,,
179,Azuki Extra Lei Jacket Pass,1K,396,https://rarible.com/collection/polygon/0xb094ef7d08918e844c372be4489ea7b27dc7673e,,Polygon,0xb094ef7d08918e844c372be4489ea7b27dc7673e,2023/2/9 11:43,1,,,,,,
18,Manga Azuki Mfers,10K,6,https://rarible.com/collection/polygon/0x5ce314cdc39dbd087d99905c15a244ae53ab0ff1,,Polygon,0x5ce314cdc39dbd087d99905c15a244ae53ab0ff1,2022/3/7 0:59,1,,,,,,
180,Azuki Lei Jacket Pass Special,1K,343,https://rarible.com/collection/polygon/0xb0ca74b2b6564fd7ee56e27cf30c250347063677,,Polygon,0xb0ca74b2b6564fd7ee56e27cf30c250347063677,2023/2/9 11:43,1,,,,,,
181,Azuki X PBT Genesis Pass,1K,2,https://rarible.com/collection/polygon/0xb1ef9257ecae412b6876e6c6d2655c0746255ad3,,Polygon,0xb1ef9257ecae412b6876e6c6d2655c0746255ad3,2023/1/13 8:21,1,,,,,,
182,The Azuki PBT NFT Pass,1K,2,https://rarible.com/collection/polygon/0xb5887ff98b5b28e2900cd18fac99f082a17ab31b,,Polygon,0xb5887ff98b5b28e2900cd18fac99f082a17ab31b,2023/1/13 8:20,1,,,,,,
183,The Azuki Dragon Skateboard Origins Pass,1K,128,https://rarible.com/collection/polygon/0xb6299f138d841bd14b0fb07743331e9d51c9e586,,Polygon,0xb6299f138d841bd14b0fb07743331e9d51c9e586,2023/1/16 20:42,1,,,,,,
184,0×Azuki,1K,11,https://rarible.com/collection/polygon/0xb7ea9a5146e4daa1e0f9b0ea495da608274f666d,,Polygon,0xb7ea9a5146e4daa1e0f9b0ea495da608274f666d,2022/2/19 11:48,1,,,,,,
185,Polygon Azuki,1K,10.4K,https://rarible.com/collection/polygon/0xb914fc6164d72a9155b3840b53fa6958186d164e,,Polygon,0xb914fc6164d72a9155b3840b53fa6958186d164e,2022/6/20 11:22,1,,,,,,
186,Azuki Lei Jacket Pass Officials,1K,395,https://rarible.com/collection/polygon/0xb9e5f244664842f26d194b5f3ad8308eb20d178c,,Polygon,0xb9e5f244664842f26d194b5f3ad8308eb20d178c,2023/2/9 11:43,1,,,,,,
187,The Azuki PBT Origins Pass,1K,2,https://rarible.com/collection/polygon/0x75733540ab070f0a8ffda2749dc7da9a4b050ed9,,Polygon,0x75733540ab070f0a8ffda2749dc7da9a4b050ed9,2023/1/13 8:20,1,,,,,,
188,Tokyo Azuki PBT Limited Pass,1K,160,https://rarible.com/collection/polygon/0x75a2d9f7920f10a53ebbe673e6e7bba000658e1c,,Polygon,0x75a2d9f7920f10a53ebbe673e6e7bba000658e1c,2023/1/13 9:05,1,,,,,,
189,Azuki PBT Origin Pass,1K,502,https://rarible.com/collection/polygon/0x760a7824b9b5091edde34bd330ad1649c34c1e6b,,Polygon,0x760a7824b9b5091edde34bd330ad1649c34c1e6b,2023/5/3 18:19,1,,,,,,
19,PixelCharacterAzuki,10K,900,https://rarible.com/collection/polygon/0x5fa7b1647fe34953f67a76112cde72c5c7851c45,,Polygon,0x5fa7b1647fe34953f67a76112cde72c5c7851c45,2022/5/20 13:10,1,1,,,,,
190,Azuki Dragon Skateboard Officials Pass,1K,128,https://rarible.com/collection/polygon/0x7689f7b443abd72b5ccac2156ff1a16f85542d69,,Polygon,0x7689f7b443abd72b5ccac2156ff1a16f85542d69,2023/1/16 20:42,1,,,,,,
191,Top Azuki PBT Limited Pass,1K,160,https://rarible.com/collection/polygon/0x77564dd61c6ee1731078d0a009dfd3de2847468d,,Polygon,0x77564dd61c6ee1731078d0a009dfd3de2847468d,2023/1/13 9:05,1,,,,,,
192,The Azuki PBT Original Pass,1K,2,https://rarible.com/collection/polygon/0x77a3200003d7c9133c2eca1c4a304169e4e23b7c,,Polygon,0x77a3200003d7c9133c2eca1c4a304169e4e23b7c,2023/1/13 8:20,1,,,,,,
193,Azuki PBT Collection Pass,1K,2,https://rarible.com/collection/polygon/0x77a4dcdcf8cd3989ce7b6b9f27788aaa31293d4c,,Polygon,0x77a4dcdcf8cd3989ce7b6b9f27788aaa31293d4c,2023/1/13 8:21,1,,,,,,
194,Top Azuki PBT Original Pass,1K,160,https://rarible.com/collection/polygon/0x799a527b86c2cd95dcdd43ae592ad353e1814d65,,Polygon,0x799a527b86c2cd95dcdd43ae592ad353e1814d65,2023/1/13 9:05,1,,,,,,
195,The Azuki Dragon Skateboard Official Pass,1K,128,https://rarible.com/collection/polygon/0x7c4b32b3d329c7b16039eb1933c505dd83a37b27,,Polygon,0x7c4b32b3d329c7b16039eb1933c505dd83a37b27,2023/1/16 21:02,1,,,,,,
196,The Azuki Official Lei Jacket Pass,1K,396,https://rarible.com/collection/polygon/0x7f39c0e56b6279c6398e974169322d37d30b8e0b,,Polygon,0x7f39c0e56b6279c6398e974169322d37d30b8e0b,2023/2/9 11:44,1,,,,,,
197,Last Azuki PBT Originals Pass,1K,160,https://rarible.com/collection/polygon/0x7f720e1f490bb8b52782029d46072aa2429bfb62,,Polygon,0x7f720e1f490bb8b52782029d46072aa2429bfb62,2023/1/13 9:05,1,,,,,,
198,The PolyT Azuki,1K,10K,https://rarible.com/collection/polygon/0x7fb6aaecc713d392c4ca9bf7cefb17762056aeef,,Polygon,0x7fb6aaecc713d392c4ca9bf7cefb17762056aeef,2022/6/20 20:29,1,,,,,,
199,Last Azuki PBT Officials Pass,1K,160,https://rarible.com/collection/polygon/0x8634d7601d826d126a36806560150c36d2580783,,Polygon,0x8634d7601d826d126a36806560150c36d2580783,2023/1/13 9:05,1,,,,,,
20,Azuki,10K,1,https://rarible.com/collection/polygon/0x6b02d559d8bfe2ba366ebfd862490a0541902721,,Polygon,0x6b02d559d8bfe2ba366ebfd862490a0541902721,2022/4/4 22:26,1,,,,,,
200,The Azuki Lei Jacket Pass Genuine,1K,396,https://rarible.com/collection/polygon/0x8d38e1b4340840276dd362ae35cd2d1780412503,,Polygon,0x8d38e1b4340840276dd362ae35cd2d1780412503,2023/2/9 11:44,1,,,,,,
201,Azuki PBT Officials Pass,1K,502,https://rarible.com/collection/polygon/0x92167f4ad4ade8b9137ee6819591d9b87c42fcfc,,Polygon,0x92167f4ad4ade8b9137ee6819591d9b87c42fcfc,2023/5/3 18:19,1,,,,,,
202,Azuki PBT Origins Pass,1K,2,https://rarible.com/collection/polygon/0x942014e401740c949c58c6e5f6a37cad7859cb72,,Polygon,0x942014e401740c949c58c6e5f6a37cad7859cb72,2023/1/13 8:20,1,,,,,,
203,Azuki Dragon Skateboard Origins Pass,1K,128,https://rarible.com/collection/polygon/0x94a0420b89f4448f8d423ae5bea7010469b2d848,,Polygon,0x94a0420b89f4448f8d423ae5bea7010469b2d848,2023/1/16 21:02,1,,,,,,
204,Big Azuki,1K,10K,https://rarible.com/collection/polygon/0x96ad36e32c787e6b18859852dbce4b2b3a9e6638,,Polygon,0x96ad36e32c787e6b18859852dbce4b2b3a9e6638,2022/6/21 8:42,1,,,,,,
205,Last Azuki PBT Official Pass,1K,160,https://rarible.com/collection/polygon/0x995fa9506122e6cb611110d42a6b42130d2b1770,,Polygon,0x995fa9506122e6cb611110d42a6b42130d2b1770,2023/1/13 9:05,1,,,,,,
206,Azuki PBT NFT Pass,1K,2,https://rarible.com/collection/polygon/0x9b4f39dca968c63477d3a19cc31c8a0596ab9fbb,,Polygon,0x9b4f39dca968c63477d3a19cc31c8a0596ab9fbb,2023/1/13 8:21,1,,,,,,
207,Azuki Dragon Skateboard Collection Pass,1K,128,https://rarible.com/collection/polygon/0x5c7eb8b705286aafc1fa2dc3d1b4cdc0ac441ca3,,Polygon,0x5c7eb8b705286aafc1fa2dc3d1b4cdc0ac441ca3,2023/1/16 21:02,1,,,,,,
208,Azuki X PBT Collection Pass,1K,2,https://rarible.com/collection/polygon/0x6119f3532532474be0b96c89e4d5acfdf1021ffd,,Polygon,0x6119f3532532474be0b96c89e4d5acfdf1021ffd,2023/1/13 8:21,1,,,,,,
209,Azuki PBT NFT Pass,1K,502,https://rarible.com/collection/polygon/0x62c8ddcbbc17479144a8db59f3b4485fe231caf5,,Polygon,0x62c8ddcbbc17479144a8db59f3b4485fe231caf5,2023/5/3 18:19,1,,,,,,
21,Bored Ape X Azuki,10K,4,https://rarible.com/collection/polygon/0x6fa8855e802a59165ca3002a0367785a7b6a7552,,Polygon,0x6fa8855e802a59165ca3002a0367785a7b6a7552,2022/5/17 1:29,1,,,,,,
210,Azuki Official Lei Jacket Pass,1K,396,https://rarible.com/collection/polygon/0x64b5cff42d0711440ff126fbcd64dae4f3d92278,,Polygon,0x64b5cff42d0711440ff126fbcd64dae4f3d92278,2023/2/9 11:43,1,,,,,,
211,Last Azuki PBT Collection Pass,1K,160,https://rarible.com/collection/polygon/0x652cf0610e6079001ca9ec6b842718946f3eb037,,Polygon,0x652cf0610e6079001ca9ec6b842718946f3eb037,2023/1/13 9:05,1,,,,,,
212,Last Azuki PBT Original Pass,1K,160,https://rarible.com/collection/polygon/0x67dfb3c4b1cfb1f891c00022b103806699196b63,,Polygon,0x67dfb3c4b1cfb1f891c00022b103806699196b63,2023/1/13 9:05,1,,,,,,
213,Azuki PBT Original Pass,1K,2,https://rarible.com/collection/polygon/0x6825b6b4efd56bd3ae948377d2f5f07f3c227b67,,Polygon,0x6825b6b4efd56bd3ae948377d2f5f07f3c227b67,2023/1/13 8:21,1,,,,,,
214,The Azuki Genuine Lei Jacket Pass,1K,396,https://rarible.com/collection/polygon/0x688bec5b69f0399d3a2e2e69e69ce7fffa1bc046,,Polygon,0x688bec5b69f0399d3a2e2e69e69ce7fffa1bc046,2023/2/9 11:44,1,,,,,,
215,The Azuki Original Lei Jacket Pass,1K,396,https://rarible.com/collection/polygon/0x6943ac6410e7cbdfe67cf04ce76947022749b7dc,,Polygon,0x6943ac6410e7cbdfe67cf04ce76947022749b7dc,2023/2/9 11:44,1,,,,,,
216,Azuki Lei Jacket Pass Limited,1K,396,https://rarible.com/collection/polygon/0x696735e8bee921b5fe985d082eb0289bd0443387,,Polygon,0x696735e8bee921b5fe985d082eb0289bd0443387,2023/2/9 11:43,1,,,,,,
217,The Azuki Dragon Skateboard Original Pass,1K,128,https://rarible.com/collection/polygon/0x6b9e61f3d484975bf172bdf184853e45c62b3d38,,Polygon,0x6b9e61f3d484975bf172bdf184853e45c62b3d38,2023/1/16 21:02,1,,,,,,
218,The Azuki Lei Jacket Pass Origin,1K,396,https://rarible.com/collection/polygon/0x6d5151de8e146157975cd301d0664b82fc680385,,Polygon,0x6d5151de8e146157975cd301d0664b82fc680385,2023/2/9 10:21,1,,,,,,
219,The Azuki Lei Jacket Pass,1K,396,https://rarible.com/collection/polygon/0x6fe2145a7032e88da3b5dc9c35d384a630f350b6,,Polygon,0x6fe2145a7032e88da3b5dc9c35d384a630f350b6,2023/2/9 10:21,1,,,,,,
220,Azuki Dragon Skateboard Genesis Pass,1K,128,https://rarible.com/collection/polygon/0x6ff9f75f2bdbe64bf518704eb163e3c5906dc723,,Polygon,0x6ff9f75f2bdbe64bf518704eb163e3c5906dc723,2023/1/16 21:02,1,,,,,,
221,Last Azuki PBT Limited Pass,1K,160,https://rarible.com/collection/polygon/0x70237ff5c8b39805968739ba996e7b40928849c1,,Polygon,0x70237ff5c8b39805968739ba996e7b40928849c1,2023/1/13 9:05,1,,,,,,
222,Azuki Genuine Lei Jacket Pass,1K,396,https://rarible.com/collection/polygon/0x7090aea87e1d2ada3782f5f0351287a87898c7f9,,Polygon,0x7090aea87e1d2ada3782f5f0351287a87898c7f9,2023/2/9 11:44,1,,,,,,
223,Azuki Dragon Skateboard Originals Pass,1K,128,https://rarible.com/collection/polygon/0x71cb8b8ac4716f8a9b1808f0995e515772161caa,,Polygon,0x71cb8b8ac4716f8a9b1808f0995e515772161caa,2023/1/16 21:02,1,,,,,,
224,The Azuki Dragon Jas,1K,396,https://rarible.com/collection/polygon/0x723f0017e0315687857d29635d95f001ee1cbea8,,Polygon,0x723f0017e0315687857d29635d95f001ee1cbea8,2023/2/9 10:20,1,,,,,,
225,The Azuki PBT Original Pass,1K,502,https://rarible.com/collection/polygon/0x72c781ca834272816f0be785dd4016d4e55c6dfd,,Polygon,0x72c781ca834272816f0be785dd4016d4e55c6dfd,2023/5/3 18:19,1,,,,,,
226,The Azuki PBT Officials Pass,1K,502,https://rarible.com/collection/polygon/0x7447b086350bc46a198a61082f1e5751a38b7e26,,Polygon,0x7447b086350bc46a198a61082f1e5751a38b7e26,2023/5/3 18:05,1,,,,,,
227,Top Azuki PBT Originals Pass,1K,160,https://rarible.com/collection/polygon/0x3a192f50e8caa6fb85155d9212bc728e4ccf1048,,Polygon,0x3a192f50e8caa6fb85155d9212bc728e4ccf1048,2023/1/13 9:05,1,,,,,,
228,Top Azuki PBT Officials Pass,1K,160,https://rarible.com/collection/polygon/0x3cce1ef90016b6173cd5549a7ddee08ab959b0fc,,Polygon,0x3cce1ef90016b6173cd5549a7ddee08ab959b0fc,2023/1/13 9:05,1,,,,,,
229,The Azuki Dragon Skateboard Collection Pass,1K,128,https://rarible.com/collection/polygon/0x3d575e441c05b11932646ed23146ac51e091ec3d,,Polygon,0x3d575e441c05b11932646ed23146ac51e091ec3d,2023/1/16 21:02,1,,,,,,
230,Top Azuki PBT Origins Pass,1K,160,https://rarible.com/collection/polygon/0x3f11965d7f8d95411ed159ebba049f2539129f51,,Polygon,0x3f11965d7f8d95411ed159ebba049f2539129f51,2023/1/13 9:05,1,,,,,,
231,Azuki Lei Jacket Pass Official,1K,396,https://rarible.com/collection/polygon/0x3f3324f87ca8aab1b6e56fa0dd623859acd5c803,,Polygon,0x3f3324f87ca8aab1b6e56fa0dd623859acd5c803,2023/2/9 11:43,1,,,,,,
232,The Azuki Extra Lei Jacket Pass,1K,396,https://rarible.com/collection/polygon/0x415d8dfd61540801223e7ad982542b0d0979203c,,Polygon,0x415d8dfd61540801223e7ad982542b0d0979203c,2023/2/9 10:21,1,,,,,,
233,Tokyo Azuki PBT Origin Pass,1K,160,https://rarible.com/collection/polygon/0x42579558abc5cb2ebe81ab88b4f1e131e4f375a4,,Polygon,0x42579558abc5cb2ebe81ab88b4f1e131e4f375a4,2023/1/13 9:05,1,,,,,,
234,Azuki PBT Original Pass,1K,502,https://rarible.com/collection/polygon/0x42f6ad5dc80a9aeb3b75a3930801550063681627,,Polygon,0x42f6ad5dc80a9aeb3b75a3930801550063681627,2023/5/3 18:19,1,,,,,,
235,Tokyo Azuki PBT Original Pass,1K,160,https://rarible.com/collection/polygon/0x433e76a19e933ff1cb65d5d85296676ff7208d7c,,Polygon,0x433e76a19e933ff1cb65d5d85296676ff7208d7c,2023/1/13 9:05,1,,,,,,
237,Azuki PBT Originals Pass,1K,2,https://rarible.com/collection/polygon/0x471d183bf8e796aa05d829b2778ebdf99f01dbd7,,Polygon,0x471d183bf8e796aa05d829b2778ebdf99f01dbd7,2023/1/13 8:20,1,,,,,,
238,The Azuki Lei Jacket Pass Limited,1K,396,https://rarible.com/collection/polygon/0x4dcd19dcdfd99e05c316292cc4b03545b6341275,,Polygon,0x4dcd19dcdfd99e05c316292cc4b03545b6341275,2023/2/9 11:44,1,,,,,,
239,The Polygon Azuki,1K,10K,https://rarible.com/collection/polygon/0x4e414b440c46d4b9460bd806c70e80eea1095b36,,Polygon,0x4e414b440c46d4b9460bd806c70e80eea1095b36,2022/6/21 8:47,1,,,,,,
240,PolyT Azuki,1K,10K,https://rarible.com/collection/polygon/0x4e88f5f4f0b7decbb7c5298a5034aaa650305d93,,Polygon,0x4e88f5f4f0b7decbb7c5298a5034aaa650305d93,2022/6/20 20:27,1,,,,,,
241,Azuki X PBT Originals Pass,1K,2,https://rarible.com/collection/polygon/0x4eec0e38d2e176c07369a118cda92d105327232b,,Polygon,0x4eec0e38d2e176c07369a118cda92d105327232b,2023/1/13 8:21,1,,,,,,
242,The Great Azuki,1K,10K,https://rarible.com/collection/polygon/0x56955149d2d973edc68a6afda506d08a20e34419,,Polygon,0x56955149d2d973edc68a6afda506d08a20e34419,2022/6/21 8:41,1,,,,,,
243,Tokyo Azuki PBT Collection Pass,1K,160,https://rarible.com/collection/polygon/0x56f84776e0fb519542d919ef43ae9d67d28910fe,,Polygon,0x56f84776e0fb519542d919ef43ae9d67d28910fe,2023/1/13 9:03,1,,,,,,
244,The Azuki PBT NFT Pass,1K,502,https://rarible.com/collection/polygon/0x59b78f32ddf75b93ecf1517f2b1a29cb70ce0582,,Polygon,0x59b78f32ddf75b93ecf1517f2b1a29cb70ce0582,2023/5/3 18:27,1,,,,,,
245,Azuki PBT Limited Pass,1K,502,https://rarible.com/collection/polygon/0x5a2346e2bb6acf67fee71793c9445e223a5824b8,,Polygon,0x5a2346e2bb6acf67fee71793c9445e223a5824b8,2023/5/3 18:19,1,,,,,,
246,Last Azuki PBT Origin Pass,1K,160,https://rarible.com/collection/polygon/0x5a40bfc8d4f2d42abe79c41e8f6c4b7c0d565b27,,Polygon,0x5a40bfc8d4f2d42abe79c41e8f6c4b7c0d565b27,2023/1/13 9:05,1,,,,,,
247,The Azuki Origin Lei Jacket Pass,1K,396,https://rarible.com/collection/polygon/0x0ee5cb628f49bedca0749584be862ad3c46d87eb,,Polygon,0x0ee5cb628f49bedca0749584be862ad3c46d87eb,2023/2/9 11:44,1,,,,,,
248,Last Azuki PBT NFT Pass,1K,160,https://rarible.com/collection/polygon/0x1043dc7f371a654ef05936091dc30e329463b908,,Polygon,0x1043dc7f371a654ef05936091dc30e329463b908,2023/1/13 9:05,1,,,,,,
249,Pixel Art Azuki,1K,1,https://rarible.com/collection/polygon/0x105c5c8dd5b28508bbe62add3ded77a1ab17970a,,Polygon,0x105c5c8dd5b28508bbe62add3ded77a1ab17970a,2022/3/2 21:52,1,1,,,,,
25,Inverse Azuki,10K,1.1K,https://rarible.com/collection/polygon/0xad6d6baa4cc414215e0960a1a36708abe398dd3f,,Polygon,0xad6d6baa4cc414215e0960a1a36708abe398dd3f,2022/4/8 6:13,1,,,,,,
250,Azuki Dragon Skateboard Origin Pass,1K,128,https://rarible.com/collection/polygon/0x110ef213284ff6b9edc7e5634d218424b01c9e7f,,Polygon,0x110ef213284ff6b9edc7e5634d218424b01c9e7f,2023/1/16 21:02,1,,,,,,
251,Tokyo Azuki PBT Official Pass,1K,160,https://rarible.com/collection/polygon/0x117281395cc05d473295385cb8e05c05c1bf4f4d,,Polygon,0x117281395cc05d473295385cb8e05c05c1bf4f4d,2023/1/13 9:05,1,,,,,,
252,The Azuki Originals Lei Jacket Pass,1K,392,https://rarible.com/collection/polygon/0x118760fc4b793886cdeef6c8fbb0bccde1c2fcbe,,Polygon,0x118760fc4b793886cdeef6c8fbb0bccde1c2fcbe,2023/2/9 11:44,1,,,,,,
253,Top Azuki PBT Collection Pass,1K,160,https://rarible.com/collection/polygon/0x11c711deedfaae1a80bb4d14ccd63795cafffda8,,Polygon,0x11c711deedfaae1a80bb4d14ccd63795cafffda8,2023/1/13 9:05,1,,,,,,
254,The Big Azuki,1K,8.8K,https://rarible.com/collection/polygon/0x120f5e9276ebad43abf3e3e6e9c3b18fc9df8448,,Polygon,0x120f5e9276ebad43abf3e3e6e9c3b18fc9df8448,2022/6/20 20:25,1,,,,,,
255,The Azuki PBT Origin Pass,1K,502,https://rarible.com/collection/polygon/0x13226d5b4cb5f79db0632a6704b15699f630301a,,Polygon,0x13226d5b4cb5f79db0632a6704b15699f630301a,2023/5/3 18:05,1,,,,,,
256,Azuki Lei Jacket Pass,1K,396,https://rarible.com/collection/polygon/0x14d8e6dd89f2ab5ec2d532cf686ead6cb720b352,,Polygon,0x14d8e6dd89f2ab5ec2d532cf686ead6cb720b352,2023/2/9 11:43,1,,,,,,
257,The Azuki PBT Genesis Pass,1K,2,https://rarible.com/collection/polygon/0x16a3c491a47572f9ef51757d9941373772f254b2,,Polygon,0x16a3c491a47572f9ef51757d9941373772f254b2,2023/1/13 8:21,1,,,,,,
258,The Azuki Lei Jacket Pass Originals,1K,396,https://rarible.com/collection/polygon/0x16b852813d91a9d51ce6ef8f6d3d095f15496b20,,Polygon,0x16b852813d91a9d51ce6ef8f6d3d095f15496b20,2023/2/9 11:44,1,,,,,,
259,The Azuki PBT Collection Pass,1K,2,https://rarible.com/collection/polygon/0x1a299a1321de13a0af59804e73d390c68eb93118,,Polygon,0x1a299a1321de13a0af59804e73d390c68eb93118,2023/1/13 8:20,1,,,,,,
26,Azuki Mfer,10K,3,https://rarible.com/collection/polygon/0xffa551a20b1bb6502ac5ee8e76819e12bb9aab9b,,Polygon,0xffa551a20b1bb6502ac5ee8e76819e12bb9aab9b,2022/4/4 22:10,1,,,,,,
260,Great Azuki,1K,10.2K,https://rarible.com/collection/polygon/0x1aa719b9f03344f17b4f7523b2e66654dd9deec9,,Polygon,0x1aa719b9f03344f17b4f7523b2e66654dd9deec9,2022/6/20 19:23,1,,,,,,
261,The Big Azuki,1K,10K,https://rarible.com/collection/polygon/0x293e88b8287c0ba376cfdb6e6df0dcc5310be668,,Polygon,0x293e88b8287c0ba376cfdb6e6df0dcc5310be668,2022/6/21 8:44,1,,,,,,
262,The Azuki Dragon Skateboard Originals Pass,1K,128,https://rarible.com/collection/polygon/0x2b01166f2dab975c1b9d809ec8425985859d35aa,,Polygon,0x2b01166f2dab975c1b9d809ec8425985859d35aa,2023/1/16 21:02,1,,,,,,
263,Azuki Original Lei Jacket Pass,1K,396,https://rarible.com/collection/polygon/0x2ff2f86515a13cb7b679d8826b864666e2fe57a9,,Polygon,0x2ff2f86515a13cb7b679d8826b864666e2fe57a9,2023/2/9 11:43,1,,,,,,
264,Azuki Lei Jacket Pass Origins,1K,395,https://rarible.com/collection/polygon/0x315656d07ff4e84c33232b47533c3841bc1ba995,,Polygon,0x315656d07ff4e84c33232b47533c3841bc1ba995,2023/2/9 11:43,1,,,,,,
265,Azuki Lei Jacket Pass Originals,1K,396,https://rarible.com/collection/polygon/0x346dd4e203b800a92c9802090dc34f65a238e912,,Polygon,0x346dd4e203b800a92c9802090dc34f65a238e912,2023/2/9 11:43,1,,,,,,
266,Azuki PBT Originals Pass,1K,502,https://rarible.com/collection/polygon/0x34c31bd6a79e7a2e2b77e97ec4c24733238b5354,,Polygon,0x34c31bd6a79e7a2e2b77e97ec4c24733238b5354,2023/5/3 18:19,1,,,,,,
274,Azuki PBT Officials Pass,1K,2,https://rarible.com/collection/polygon/0x01b948c2386fc61e162be1ee15925ff90122c86f,,Polygon,0x01b948c2386fc61e162be1ee15925ff90122c86f,2023/1/13 8:20,1,,,,,,
275,Last Azuki PBT Origins Pass,1K,160,https://rarible.com/collection/polygon/0x0310c99746bb7a6b68305324c7a5460793378a7b,,Polygon,0x0310c99746bb7a6b68305324c7a5460793378a7b,2023/1/13 9:05,1,,,,,,
276,The Azuki Dragon Skateboard Officials Pass,1K,128,https://rarible.com/collection/polygon/0x03b99e3f542f99cadf5c4ba73a477c87e453ff3e,,Polygon,0x03b99e3f542f99cadf5c4ba73a477c87e453ff3e,2023/1/16 21:02,1,,,,,,
277,The Azuki Lei Jacket Pass Origins,1K,396,https://rarible.com/collection/polygon/0x03c9979f10c5c087e8ad58d6623dd16c498b7cb3,,Polygon,0x03c9979f10c5c087e8ad58d6623dd16c498b7cb3,2023/2/9 11:44,1,,,,,,
278,The Azuki Dragon Skateboard Limited Pass,1K,128,https://rarible.com/collection/polygon/0x097cfbf1406b76a1746e411ec76b7bcd95a1954e,,Polygon,0x097cfbf1406b76a1746e411ec76b7bcd95a1954e,2023/1/16 21:02,1,,,,,,
279,The Poly Azuki,1K,10.4K,https://rarible.com/collection/polygon/0x0e99a4faa17c19b766fcf1447f9caa9153c2e16e,,Polygon,0x0e99a4faa17c19b766fcf1447f9caa9153c2e16e,2022/6/20 19:22,1,,,,,,
280,Poly Azuki,1K,10K,https://rarible.com/collection/polygon/0x115903130ee59ae63bbbc9a5f24e39371c0f0d7f,,Polygon,0x115903130ee59ae63bbbc9a5f24e39371c0f0d7f,2022/6/21 8:41,1,,,,,,
281,The Polyv Azuki,1K,10K,https://rarible.com/collection/polygon/0x122a7d4c95e4b727c758813ee32eeb8372c60c32,,Polygon,0x122a7d4c95e4b727c758813ee32eeb8372c60c32,2022/6/21 8:22,1,,,,,,
282,The Polygon Azuki,1K,10.4K,https://rarible.com/collection/polygon/0x46b47a77b9e3f49106789bb8dbc306a9e6e0e4d9,,Polygon,0x46b47a77b9e3f49106789bb8dbc306a9e6e0e4d9,2022/6/20 19:23,1,,,,,,
283,Azuki Bears,923,1.3K,https://rarible.com/collection/polygon/0x488ee9f4ef7ef2e13a0c8c34e4a17bf05cfd1dff,,Polygon,0x488ee9f4ef7ef2e13a0c8c34e4a17bf05cfd1dff,2023/10/3 20:31,1,1,,,,,
284,Great Azuki,1K,10K,https://rarible.com/collection/polygon/0x7233d418c9d9590df0fc3c7a3448358fa6c18e73,,Polygon,0x7233d418c9d9590df0fc3c7a3448358fa6c18e73,2022/6/21 8:48,1,,,,,,
38,Azuki,8.4K,1,https://rarible.com/collection/polygon/0x0181496cb7786d34d48db2cec2d4817381aa9c23,,Polygon,0x0181496cb7786d34d48db2cec2d4817381aa9c23,2022/10/13 20:18,1,,,,,,
40,Azuki,8.4K,2,https://rarible.com/collection/polygon/0x20016872e312136edd5ed60ff7f6ce23b2c26e77,,Polygon,0x20016872e312136edd5ed60ff7f6ce23b2c26e77,2022/10/12 1:23,1,,,,,,
41,QrZuki,10K,2,https://rarible.com/qrzuki,,Polygon,0x3dd94e59ac6b892ee18d76ce91bfc9cad70888cd,2023/8/27 4:01,1,,,,,,
43,Azuki,11K,1,https://rarible.com/collection/polygon/0x720989d497d84d35fb3570c2c7e654b7f6d93150,,Polygon,0x720989d497d84d35fb3570c2c7e654b7f6d93150,2023/2/6 11:39,1,,,,,,
46,Azuki Akuma Yomi,10K,7,https://rarible.com/collection/polygon/0xfb9cb710d31fbc4cfc9082b9ec8131f8e26cd7f3,,Polygon,0xfb9cb710d31fbc4cfc9082b9ec8131f8e26cd7f3,2022/4/27 4:45,1,,,,,,
64,Azuki Bunnies,3.8K,1,https://rarible.com/collection/polygon/0x48be9104a1d3ea00a3737d36d79fd59f7d71715a,,Polygon,0x48be9104a1d3ea00a3737d36d79fd59f7d71715a,2022/9/16 6:16,1,,,,,,
79,Ape Azuki Club,2K,6,https://rarible.com/collection/polygon/0x390ad89ba5409b0fb99d25f96b9b1ad390cd0ba3,,Polygon,0x390ad89ba5409b0fb99d25f96b9b1ad390cd0ba3,2022/3/31 1:32,1,,,,,,
82,0xAzuki Mutant,2K,4,https://rarible.com/collection/polygon/0xc19bfe0151e46ef5580a00b8223322f6087a0968,,Polygon,0xc19bfe0151e46ef5580a00b8223322f6087a0968,2022/4/9 0:17,1,,,,,,
MATIC,Jamet Azuki,1K,54,https://rarible.com/collection/polygon/0x467303663a0e3e94400b723b9cc7f976cf49daa5,,Polygon,0x467303663a0e3e94400b723b9cc7f976cf49daa5,2022/3/18 12:11,1,1,,,,,
MATIC,Mankizuki,5.6K,591,https://rarible.com/mankizuki,,Polygon,0xea97a716341884db80730ba850ecc92d5af52cb9,2022/10/11 0:05,1,1,,,,,
MATIC,Vincamingos,5K,31,https://rarible.com/vincamingos,,Polygon,0x5c788ab66d62fcd2977bf56e95eab72fc5044f37,2023/7/29 3:13,,,,,,,
MATIC,AZUKI GIRLS,8K,2,https://rarible.com/AZUKI-GIRLS,,Polygon,0x52396fc8db93ca10d041f3f37c3d742f0e47dac0,2022/11/14 3:34,1,,,,,,
MATIC,Ape Azuki,10K,46,https://rarible.com/collection/polygon/0xe24033f43abfbeb0af1ea0f764539cbaec240113,,Polygon,0xe24033f43abfbeb0af1ea0f764539cbaec240113,2022/2/14 23:46,1,1,,,,,
MATIC,Ape Azuki Club,2.1K,22,https://rarible.com/collection/polygon/0x9414037beecd57a686564b3e6416d1a030c9bdd6,,Polygon,0x9414037beecd57a686564b3e6416d1a030c9bdd6,2022/3/30 3:14,1,,,,,,
MATIC,Chubby Turtles NFT,3.3K,8,https://rarible.com/chubbyturtlesnft,,Polygon,0x6b2f157d6f336e8fc4f5b1e31fc0dc9f14dbef26,2023/10/11 1:06,,,,,,,
MATIC,Ape Azuki Club,2K,75,https://rarible.com/collection/polygon/0x32570cea3c89d880f17182114df5513537947717,,Polygon,0x32570cea3c89d880f17182114df5513537947717,2022/3/31 16:48,1,,,,,,
MATIC,Azuki Expand,7.8K,1.6K,https://rarible.com/collection/polygon/0xf1b47808166711f89987d768bbb8c8a23143d6c5,,Polygon,0xf1b47808166711f89987d768bbb8c8a23143d6c5,2022/2/8 16:51,1,1,,,,,
MATIC,Wiggle Beagle,10K,1,https://rarible.com/wigglebeagle,,Polygon,0x7b265362af10e3728b69678651715bb910f615ed,2023/11/9 10:43,,,,,,,
MATIC,Azuki on Matic,1.1K,4,https://rarible.com/collection/polygon/0x90301a3eae9b28323adfd02258b324d77aad9d2a,,Polygon,0x90301a3eae9b28323adfd02258b324d77aad9d2a,2024/6/17 0:56,,,,,,,
MATIC,Astroverse Sekai,10K,3,https://rarible.com/astroverse-sekai,,Polygon,0x82fa8627ec2078dfa84b43c5f4fbe75f88e4edc4,2024/3/25 20:22,1,,,,,,
MATIC,Azuki Skullhead Male,6.7K,854,https://rarible.com/skullheadmale,,Polygon,0x130cfcd3d22b4c5cf2cd99f0d1bc536e8a0da038,2022/2/28 2:28,1,1,,,,,
MATIC,Azuki Ape Squad,1.7K,119,https://rarible.com/collection/polygon/0x08be0f41bb7b43a62ccafd480d05c659257eec42,,Polygon,0x08be0f41bb7b43a62ccafd480d05c659257eec42,2022/4/6 1:05,1,1,,,,,
MATIC,Azuki Yomi,10K,1,https://rarible.com/azuki-yomi,,Polygon,0x9ea2642df9ffa3a4725f6c4fe6a82ea03775d27a,2022/4/28 14:41,1,,,,,,
MATIC,Azuki Ape Yacht Club,10K,364,https://rarible.com/collection/polygon/0x0ada7be746fbc793b7ffb72fb4f8ae0cc1bf633e,,Polygon,0x0ada7be746fbc793b7ffb72fb4f8ae0cc1bf633e,2022/4/3 14:56,1,,,,,,
125,ZK Azuki,1K,52,https://rarible.com/collection/zksync/0x0804011215898bc8a3ce7e57a5eb54be1c2715c8,,zkSync,0x0804011215898bc8a3ce7e57a5eb54be1c2715c8,2023/9/15 21:42,1,,,,,,
126,Azuki zkSync Era,1K,386,https://rarible.com/collection/zksync/0xa35270c98432d642984679e0896d3662d64f13f9,,zkSync,0xa35270c98432d642984679e0896d3662d64f13f9,2023/5/19 12:38,1,,,,,,
285,zkSync Era  Azuki,956,515,https://rarible.com/collection/zksync/0x21f028216a49040c4d97e1fa749a6cdf60f850c9,,zkSync,0x21f028216a49040c4d97e1fa749a6cdf60f850c9,2023/5/24 16:44,1,,,,,,
286,AzukiArt,887,82,https://rarible.com/collection/zksync/0x371d0c16d23f2cdcf6660c4e4182da549a41f17e,,zkSync,0x371d0c16d23f2cdcf6660c4e4182da549a41f17e,2023/5/22 15:20,1,,,,,,
66,ZK Azuki,6.4K,153,https://rarible.com/collection/zksync/0x68221f7e12bb7665568f110e0310866d0b93959e,,zkSync,0x68221f7e12bb7665568f110e0310866d0b93959e,2023/9/10 21:43,1,1,,,,,
83,Azuki ok,3K,57,https://rarible.com/collection/zksync/0x2a5ff4b4cf8bd4c9abf7cf1b1fb8fed96a3caec5,,zkSync,0x2a5ff4b4cf8bd4c9abf7cf1b1fb8fed96a3caec5,2023/5/28 18:21,1,,,,,,
84,Azuki,2K,3,https://rarible.com/collection/zksync/0x887980a79e3217baf14090bac7417bd83d5503ed,,zkSync,0x887980a79e3217baf14090bac7417bd83d5503ed,2023/8/15 7:42,1,,,,,,
85,zkSync Zombie Azuki,2K,221,https://rarible.com/collection/zksync/0xa4be632b92d91e870312335a66c7b3cbe962bec9,,zkSync,0xa4be632b92d91e870312335a66c7b3cbe962bec9,2023/12/24 19:45,1,1,,,,,
86,zkSync Manga Baby Azuki,2K,601,https://rarible.com/collection/zksync/0xb6ae49cd07688ea30eab24ba9f339d8385dc5415,,zkSync,0xb6ae49cd07688ea30eab24ba9f339d8385dc5415,2023/12/11 3:53,1,1,,,,,
