rank,name,items,owners,link,Unnamed: 5,scan,contract address,Time,text plagiarism,image plagiarism,manual label,Creation Time >= 3,trading volume >= 1500,Official website verification
1,Pudgy Penguins,5.7K,8.9K,https://rarible.com/pudgypenguins,,Ethereum,0xbd3531da5cf5857e7cfaa92426877b022e612cf8,2021-07-23 03:59:45,0.0,0.0,0.0,1.0,1.0,1.0
10,PixelPudgyPenguins,1.3K,116,https://rarible.com/collection/0xdc124dff35e2e96572e7396f80cf49d1e4d1b4b0,,Ethereum,0xdc124dff35e2e96572e7396f80cf49d1e4d1b4b0,2022-08-24 09:01:52,1.0,,,,,
100,Pudgy Penguins,109,57,https://rarible.com/collection/base/0x1e6073f445084895dd82694ede9c27fe9a80153a,,Base,0x1e6073f445084895dd82694ede9c27fe9a80153a,2023-10-17 03:52:13,1.0,1.0,,,,
101,BASE Pudgy Penguins,37,8,https://rarible.com/collection/base/0x44710f7fd8c58c0537fe94de08b7adc6e046d15e,,Base,0x44710f7fd8c58c0537fe94de08b7adc6e046d15e,2023-08-19 13:52:29,1.0,,,,,
102,Pudgy Penguins,62,42,https://rarible.com/collection/base/0x98107ffc228a96e20304afb5d08b850ebc77250d,,Base,0x98107ffc228a96e20304afb5d08b850ebc77250d,2023-10-21 10:52:49,1.0,1.0,,,,
103,Forever Pudgy Penguin Traits,73,2.4K,https://rarible.com/collection/polygon/0x84047392538009c3d3da0aa76a098b44e1ea5771,,Polygon,0x84047392538009c3d3da0aa76a098b44e1ea5771,2023-03-02 11:26:45,1.0,,,,,
104,Pudgy Penguins,100,1,https://rarible.com/collection/polygon/0x9623176e58ae90570018d9e11d6f685251ca102c,,Polygon,0x9623176e58ae90570018d9e11d6f685251ca102c,2024-05-07 16:49:19,1.0,1.0,,,,
105,Pudgy Penguins,140,1,https://rarible.com/collection/polygon/0xbc3cef50e05d7933b8ca0f999efbcb2be0735149,,Polygon,0xbc3cef50e05d7933b8ca0f999efbcb2be0735149,2022-08-22 09:15:25,1.0,1.0,,,,
106,Pudgy Penguins,35,1,https://rarible.com/collection/zksync/0xda40ff6f271c120781a33d2c2616262437aa38b6,,zkSync,0xda40ff6f271c120781a33d2c2616262437aa38b6,2023-09-08 09:24:17,1.0,,,,,
107,Pudgy Penguin Hoodie Origin,32,301,https://rarible.com/collection/0x0bbd5cb2c89f7d4f361033bde076f892fbd2a6e0,,Ethereum,0x0bbd5cb2c89f7d4f361033bde076f892fbd2a6e0,2022-10-15 11:07:47,1.0,,,,,
108,Pudgy Penguin Hoodie Genesis,32,301,https://rarible.com/collection/0x0cd93f96b2f128a3348264e0bbf9ef628521491f,,Ethereum,0x0cd93f96b2f128a3348264e0bbf9ef628521491f,2022-10-15 11:04:59,1.0,,,,,
109,Eggs by Pudgy Penguins,25,1,https://rarible.com/collection/0x0f0595cdbb3bf77e3501788c76d960b58c384424,,Ethereum,0x0f0595cdbb3bf77e3501788c76d960b58c384424,2023-01-04 08:47:47,1.0,,,,,
11,PudgyPeacefulPenguin,10K,2.1K,https://rarible.com/collection/0xf391498efb71074eeae6c4db3dbf37675fe3f8c1,,Ethereum,0xf391498efb71074eeae6c4db3dbf37675fe3f8c1,2022-08-23 20:43:02,1.0,1.0,,,,
110,#1 pudgypenguins.fun,25,9.8K,https://rarible.com/collection/0x1e52a90e35df9d6b6abd47d86c3b9e870bfd1c00,,Ethereum,0x1e52a90e35df9d6b6abd47d86c3b9e870bfd1c00,2024-01-03 08:19:59,1.0,,,,,
111,Pudgy Penguin Hoodie Club,32,301,https://rarible.com/collection/0x409bfe1361d964dde9f42eaf1d1f81506f945273,,Ethereum,0x409bfe1361d964dde9f42eaf1d1f81506f945273,2022-10-15 11:05:47,1.0,,,,,
112,Pudgy Penguin Hoodie Limited,32,301,https://rarible.com/collection/0x4ed82dea4e584a4539259b5b53425aa02c6a394b,,Ethereum,0x4ed82dea4e584a4539259b5b53425aa02c6a394b,2022-10-15 11:03:11,1.0,,,,,
113,The Pudgy Penguin Hoodie Collection,32,301,https://rarible.com/collection/0x58a30cf804a1b6562cdd39b416307a11d91814c5,,Ethereum,0x58a30cf804a1b6562cdd39b416307a11d91814c5,2022-10-15 11:10:23,1.0,,,,,
114,Pudgy Penguin Hoodie Original,32,301,https://rarible.com/collection/0x65a1d686261a191dc2fea45394fbaa75c5e1725b,,Ethereum,0x65a1d686261a191dc2fea45394fbaa75c5e1725b,2022-10-15 11:03:35,1.0,,,,,
115,Pudgy Penguin Hoodie Collection,32,301,https://rarible.com/collection/0x759e654a4e9fd3dd147b8393137cd7d10c0ebad7,,Ethereum,0x759e654a4e9fd3dd147b8393137cd7d10c0ebad7,2022-10-15 11:04:11,1.0,,,,,
116,Pudgy Penguin Hoodie Officials,32,301,https://rarible.com/collection/0x76b3fa967649c863dd6c8b5c877f5d3408b4fa27,,Ethereum,0x76b3fa967649c863dd6c8b5c877f5d3408b4fa27,2022-10-15 11:06:11,1.0,,,,,
117,Pudgy Penguin Hoodie Origins,32,301,https://rarible.com/collection/0x8e0d3589494f7acc9028e6c3436c251bd8d4d906,,Ethereum,0x8e0d3589494f7acc9028e6c3436c251bd8d4d906,2022-10-15 11:08:11,1.0,,,,,
118,Pudgy Penguins,30,13,https://rarible.com/collection/0x94d6ad0e72d437120a1d3d4e905780fb51ea1be5,,Ethereum,0x94d6ad0e72d437120a1d3d4e905780fb51ea1be5,2024-02-08 06:01:11,1.0,1.0,,,,
119,Loot Pudgy Penguins,21,1,https://rarible.com/collection/0x98ae2b8a4abb4647f8cf7faa3efe4c18ab9d08a1,,Ethereum,0x98ae2b8a4abb4647f8cf7faa3efe4c18ab9d08a1,2022-09-16 09:53:11,1.0,,,,,
12,PolyPudgyPenguins,1.7K,325,https://rarible.com/collection/polygon/0x20d0adc4061d5bf923d5977e48871cd1fa64c2f5,,Polygon,0x20d0adc4061d5bf923d5977e48871cd1fa64c2f5,2021-09-08 18:39:54,1.0,1.0,,,,
120,Keep Calm Pudgy Penguins,17,17,https://rarible.com/collection/0xc3b3a93fc9ba47f78658480e516798b938527bbb,,Ethereum,0xc3b3a93fc9ba47f78658480e516798b938527bbb,2023-07-29 13:09:47,1.0,,,,,
121,Pudgypenguins.fun,25,1,https://rarible.com/collection/0xd31d1f14054635a6503e226c7d99721da08b27fd,,Ethereum,0xd31d1f14054635a6503e226c7d99721da08b27fd,2024-01-03 08:26:35,1.0,,,,,
122,Pudgy Penguins,23,11,https://rarible.com/collection/base/0xc03eff2d830c9dec0a4504d381f84a59b53d13c4,,Base,0xc03eff2d830c9dec0a4504d381f84a59b53d13c4,2024-02-10 08:17:01,1.0,1.0,,,,
125,Pudgy Penguins,16,7,https://rarible.com/collection/polygon/0xf2ead3dfdb679a64652a5a03da805f91a8348eb4,,Polygon,0xf2ead3dfdb679a64652a5a03da805f91a8348eb4,2022-09-26 19:57:54,1.0,1.0,,,,
126,Forever Pudgy Penguin Traits,81,19.2K,https://rarible.com/collection/zksync/0xfcfdd186534bf7d4aef35d5b3bde9e59e0c388c0,,zkSync,0xfcfdd186534bf7d4aef35d5b3bde9e59e0c388c0,2023-09-20 09:56:20,1.0,,,,,
127,Glitchy Pudgy Penguins,16,10,https://rarible.com/collection/0x2f6ac56ff39a7e30545d8359b0a239376a063d66,,Ethereum,0x2f6ac56ff39a7e30545d8359b0a239376a063d66,2021-08-26 19:39:06,1.0,,,,,
128,PudgyBabyPenguins,10,1,https://rarible.com/collection/0xaf04becf24749b7b6800cb01d55275fcd6e21abc,,Ethereum,0xaf04becf24749b7b6800cb01d55275fcd6e21abc,2023-04-10 15:14:47,1.0,,,,,
129,PudgySoldierPenguins,13,11,https://rarible.com/collection/0xb637cf79db706d77d66b0e45c47279a22074928a,,Ethereum,0xb637cf79db706d77d66b0e45c47279a22074928a,2023-04-05 18:30:35,1.0,,,,,
130,Pharaohs,10,1,https://rarible.com/pharaohs-3,,Ethereum,0xc4c260a7d194d9a38a65311a57aa5766cfaa7e11,2023-08-13 03:38:35,,,,,,
131,@PudgyPenguins Creator Token on Drakula.app,4,4,https://rarible.com/collection/base/0x7a2f20c4826fe3339d26ac49dd14d59d9c3aeda5,,Base,0x7a2f20c4826fe3339d26ac49dd14d59d9c3aeda5,2024-03-28 06:29:19,1.0,,,,,
132,Pudgy Penguins,4,2,https://rarible.com/collection/base/0x9f0ca8b967f809e7c20a0a855eafedb76db334f0,,Base,0x9f0ca8b967f809e7c20a0a855eafedb76db334f0,2023-10-26 06:34:57,1.0,,,,,
133,Pudgy Penguins,5,1,https://rarible.com/collection/base/0xc50c4689f7e57cf1bd8ad859e609a2482e0a2d94,,Base,0xc50c4689f7e57cf1bd8ad859e609a2482e0a2d94,2024-02-10 08:17:51,1.0,,,,,
134,PudgyPenguins,6,2,https://rarible.com/collection/base/0xedc536e742b610e47bb388369f464ca654ecd647,,Base,0xedc536e742b610e47bb388369f464ca654ecd647,2024-06-09 07:06:13,1.0,,,,,
135,Pudgy Penguine,10,1,https://rarible.com/collection/polygon/0x03c1d2549c9312aff3ab1ad8a72ea5b4e78cdddf,,Polygon,0x03c1d2549c9312aff3ab1ad8a72ea5b4e78cdddf,2024-05-31 18:34:32,1.0,1.0,,,,
136,Pudgy Penguins,4,2,https://rarible.com/collection/polygon/0x07cfc0a3d9f9ded70b424fe005be9ba5b3d75d6d,,Polygon,0x07cfc0a3d9f9ded70b424fe005be9ba5b3d75d6d,2023-01-16 23:00:38,1.0,1.0,,,,
137,W3A PRO | Pudgy Penguins: From 0 to Hero,10,10,https://rarible.com/collection/polygon/0x1b561b29cd2f9383cb493d9cc5edd75f4e5fc0e5,,Polygon,0x1b561b29cd2f9383cb493d9cc5edd75f4e5fc0e5,2023-08-03 21:28:50,1.0,1.0,,,,
138,Pudg yPenguins,10,1,https://rarible.com/collection/polygon/0x221117f45f8f31ff777796440f4dc24ca0c4a008,,Polygon,0x221117f45f8f31ff777796440f4dc24ca0c4a008,2024-05-31 18:07:08,1.0,1.0,,,,
139,Pudgy Penguin,10,1,https://rarible.com/collection/polygon/0x4ed84af11512df9a86f5f8f34f524c83ec7125f5,,Polygon,0x4ed84af11512df9a86f5f8f34f524c83ec7125f5,2024-05-31 18:06:04,1.0,1.0,,,,
14,LC Pudgy Penguin Origins Reveal Pass,1K,176,https://rarible.com/collection/polygon/0x89b8e5656fe08c1830090614a323b7f7f8b2123d,,Polygon,0x89b8e5656fe08c1830090614a323b7f7f8b2123d,2023-01-10 21:05:09,1.0,1.0,,,,
140,pudgypenguins.lens-Follower,5,8,https://rarible.com/collection/polygon/0x80ccdffa7d407d4e3aec4077df67c9fb16465c37,,Polygon,0x80ccdffa7d407d4e3aec4077df67c9fb16465c37,2022-08-05 08:27:51,1.0,,,,,
142,Pudgy Penguins,12,1,https://rarible.com/collection/polygon/0xb7c22be4177c4485324d2dd01cc53a4c79d64cd1,,Polygon,0xb7c22be4177c4485324d2dd01cc53a4c79d64cd1,2022-10-24 05:09:36,1.0,1.0,,,,
144,Pudgy Penguins,7,4,https://rarible.com/collection/polygon/0xee42b5000d24bd3ac116db0d0f145fe46a4a6f99,,Polygon,0xee42b5000d24bd3ac116db0d0f145fe46a4a6f99,2022-08-24 10:27:03,1.0,1.0,,,,
145,Mysticova,12,1,https://rarible.com/Mysticova,,Polygon,0xf413284f9ed23f55cbed5d485fec83f0eda52e83,2024-01-21 04:19:22,,,,,,
146,Pudgy Penguin,14,14,https://rarible.com/collection/zksync/0xf09be5d949a7d7929efa391cda92c92ba6e8ca93,,zkSync,0xf09be5d949a7d7929efa391cda92c92ba6e8ca93,2023-08-21 03:11:59,1.0,,,,,
147,PudgySoldierPenguins,2,1,https://rarible.com/collection/0x03761c73a85403d857f97487faaa97e8d3692649,,Ethereum,0x03761c73a85403d857f97487faaa97e8d3692649,2023-04-05 21:47:11,1.0,,,,,
148,PudgySoldierPenguins,2,1,https://rarible.com/collection/0x62f3183acf30a97a83dacff1568bb1bb4e739485,,Ethereum,0x62f3183acf30a97a83dacff1568bb1bb4e739485,2023-04-05 21:54:47,1.0,,,,,
149,Pudgy Penguins,3,1,https://rarible.com/collection/0xa89f4f51f66f068f3846673b043e9406aff8b3eb,,Ethereum,0xa89f4f51f66f068f3846673b043e9406aff8b3eb,2024-02-08 16:05:11,1.0,,,,,
15,The Pudgy Penguin Genesis Reveal Pass,1K,176,https://rarible.com/collection/polygon/0x912c9c32a830554c95151a7906d599169e391c9c,,Polygon,0x912c9c32a830554c95151a7906d599169e391c9c,2023-01-10 21:05:01,1.0,1.0,,,,
150,Pudgy Penguins x Degen,4,2,https://rarible.com/collection/base/0x5c2ad2b762973e1acd063d57ef244ee2fd909f4b,,Base,0x5c2ad2b762973e1acd063d57ef244ee2fd909f4b,2024-03-23 01:37:37,1.0,,,,,
151,Pudgy penguin og,2,1,https://rarible.com/collection/base/0x928a9f546f8c08f90cdb2633392b4fefaf238608,,Base,0x928a9f546f8c08f90cdb2633392b4fefaf238608,2024-04-18 01:43:01,1.0,,,,,
152,@pudgypenguin Creator Token on Drakula.app,3,3,https://rarible.com/collection/base/0xc1b66386eb97a584777bdc04326696ad72ed2634,,Base,0xc1b66386eb97a584777bdc04326696ad72ed2634,2024-03-16 23:12:35,1.0,,,,,
153,Cubism Penguins Pudgy,4,1,https://rarible.com/collection/polygon/0x1203342a5e9e5c1466586de215257271569ac968,,Polygon,0x1203342a5e9e5c1466586de215257271569ac968,2024-02-09 01:56:34,1.0,1.0,,,,
154,PudgyPenguins,2,1,https://rarible.com/collection/polygon/0x22a906e837e4ac4b021d6f77ec92f3b7f0291fff,,Polygon,0x22a906e837e4ac4b021d6f77ec92f3b7f0291fff,2021-10-21 11:57:16,1.0,,,,,
155,Pudgy Penguins 🐧 Toys Launch in Walmart,3,3,https://rarible.com/collection/polygon/0x4429410b7a50e1f6a58dc8b3b38d5661b9c76c81,,Polygon,0x4429410b7a50e1f6a58dc8b3b38d5661b9c76c81,2023-10-02 02:48:56,1.0,,,,,
156,PudgyPenguins,3,1,https://rarible.com/collection/polygon/0x468b8b75ba391edb2c6ad6726afcf89648e241ad,,Polygon,0x468b8b75ba391edb2c6ad6726afcf89648e241ad,2021-09-12 06:09:09,1.0,1.0,,,,
157,Pudgy Penguin #2857,2,138K,https://rarible.com/collection/polygon/0x46f8c511213c99a01efdea78a9ac7c6de9850828,,Polygon,0x46f8c511213c99a01efdea78a9ac7c6de9850828,2023-12-02 07:41:36,1.0,1.0,,,,
158,Pudgy Penguins World,2,2,https://rarible.com/collection/polygon/0xb28c5f5c58338df541c80e4ae7fba6498c4ef180,,Polygon,0xb28c5f5c58338df541c80e4ae7fba6498c4ef180,2022-04-20 22:50:04,1.0,,,,,
159,Pudgy Penguins #2323,3,1,https://rarible.com/collection/polygon/0xbf40d62f98d166b6c1247e86244bdd03de4671ef,,Polygon,0xbf40d62f98d166b6c1247e86244bdd03de4671ef,2024-04-23 18:19:25,1.0,1.0,,,,
16,Pudgy Penguins Pixel,2K,1,https://rarible.com/collection/polygon/0x9750b2887df52957186c02253f277bf4c42ebe17,,Polygon,0x9750b2887df52957186c02253f277bf4c42ebe17,2022-03-23 06:54:27,1.0,,,,,
160,ZK Pudgy Penguins,2,1,https://rarible.com/collection/zksync/0x52091c29356710fcb57e54c3eadfdb709d71a6c7,,zkSync,0x52091c29356710fcb57e54c3eadfdb709d71a6c7,2023-09-11 03:03:36,1.0,,,,,
161,Pudgy Penguin,1,1,https://rarible.com/collection/zksync/0xb7afbe6859956a4447f7d7f1aef9e03d15a00548,,zkSync,0xb7afbe6859956a4447f7d7f1aef9e03d15a00548,2023-09-24 22:08:07,1.0,,,,,
162,Pudgy Penguins,1,1,https://rarible.com/collection/zksync/0xc7270655a2e40880dfcd34a25d0a53b6e752998c,,zkSync,0xc7270655a2e40880dfcd34a25d0a53b6e752998c,2023-09-10 17:07:47,1.0,,,,,
163,Pudgy Penguin,1,1,https://rarible.com/collection/zksync/0xe7c2bfe1ee24c468fe4841516d3d3385b7a186a2,,zkSync,0xe7c2bfe1ee24c468fe4841516d3d3385b7a186a2,2023-10-04 18:02:30,1.0,,,,,
164,Pudgy Penguin,1,1,https://rarible.com/collection/zksync/0xf55429b25d62a3b5445d48b6c0d3d4f7473250fa,,zkSync,0xf55429b25d62a3b5445d48b6c0d3d4f7473250fa,2023-07-19 10:22:19,1.0,,,,,
165,Pudgy Penguin,1,1,https://rarible.com/collection/zksync/0xf65c484c1be3a4fdf254fa78bbc83d8cbc238f14,,zkSync,0xf65c484c1be3a4fdf254fa78bbc83d8cbc238f14,2023-07-20 22:19:56,1.0,,,,,
166,Pudgy Penguin,1,2,https://rarible.com/collection/zksync/0xf8ece69debba4a4eb7801ddbecab0bfc940ea4f5,,zkSync,0xf8ece69debba4a4eb7801ddbecab0bfc940ea4f5,2023-06-16 02:26:43,1.0,,,,,
167,Pudgy Penguin,1,1,https://rarible.com/collection/zksync/0x53cbaa346939176d018cdd6bd07b7e5a7cb11112,,zkSync,0x53cbaa346939176d018cdd6bd07b7e5a7cb11112,2023-10-29 20:21:35,1.0,1.0,,,,
168,Pudgy Penguin,1,1,https://rarible.com/collection/zksync/0x64543cd17ca265676bff97cdf43208768ab4489a,,zkSync,0x64543cd17ca265676bff97cdf43208768ab4489a,2023-06-15 20:13:11,1.0,1.0,,,,
169,Pudgy Penguins,1,1,https://rarible.com/collection/zksync/0x68ab71418da5cd86cca571a27b642f03f0e3a813,,zkSync,0x68ab71418da5cd86cca571a27b642f03f0e3a813,2023-07-24 20:41:59,1.0,,,,,
17,Pudgy Penguin Origin Reveal Pass,1K,176,https://rarible.com/collection/polygon/0x990bed7a3e8141bb04294a1b2d0737ac1048d25d,,Polygon,0x990bed7a3e8141bb04294a1b2d0737ac1048d25d,2023-01-10 21:05:05,1.0,1.0,,,,
170,Pudgy Penguin,1,1,https://rarible.com/collection/zksync/0x7047c5146bcea19458583c245562364ed450fb98,,zkSync,0x7047c5146bcea19458583c245562364ed450fb98,2023-08-25 14:31:14,1.0,,,,,
171,Pudgy Penguins,1,1,https://rarible.com/collection/zksync/0x747492c93389a35125b259e834af40b11bb4d826,,zkSync,0x747492c93389a35125b259e834af40b11bb4d826,2023-10-04 20:50:22,1.0,,,,,
172,Pudgy Penguin,1,1,https://rarible.com/collection/zksync/0x7664b53686cccb422f6b1912b6ede10c95872ba5,,zkSync,0x7664b53686cccb422f6b1912b6ede10c95872ba5,2023-06-12 09:56:28,1.0,,,,,
173,Pudgy Penguin,1,1,https://rarible.com/collection/zksync/0x768defb2ed83edce0f59a5e287896b25e2696818,,zkSync,0x768defb2ed83edce0f59a5e287896b25e2696818,2023-10-16 11:05:39,1.0,,,,,
174,Pudgy Penguins,1,1,https://rarible.com/collection/zksync/0x81b1749c6459700680181de41d862ae43b31d3bb,,zkSync,0x81b1749c6459700680181de41d862ae43b31d3bb,2023-09-23 20:09:18,1.0,,,,,
175,Pudgy Penguins,1,1,https://rarible.com/collection/zksync/0x82a93bf2543019307b3f01dbb8678bd92b558dbc,,zkSync,0x82a93bf2543019307b3f01dbb8678bd92b558dbc,2023-09-22 11:51:49,1.0,,,,,
176,Pudgy Penguin,1,3,https://rarible.com/collection/zksync/0x85598553059b91e4e363bd5f046dc88049272473,,zkSync,0x85598553059b91e4e363bd5f046dc88049272473,2024-04-14 16:20:34,1.0,1.0,,,,
177,Pudgy Penguin,1,1,https://rarible.com/collection/zksync/0x8bcfb658d6186578d37f123b4562738211e39e41,,zkSync,0x8bcfb658d6186578d37f123b4562738211e39e41,2023-08-12 15:22:34,1.0,,,,,
178,Pudgy Penguin,1,1,https://rarible.com/collection/zksync/0x8c9ac2c963d57de7d036dc7118bda40f7ec25b59,,zkSync,0x8c9ac2c963d57de7d036dc7118bda40f7ec25b59,2023-08-30 10:41:21,1.0,,,,,
179,Pudgy Penguins,1,1,https://rarible.com/collection/zksync/0x8e639fa666ed8a7815c6393ef8a4b9efd2676f2f,,zkSync,0x8e639fa666ed8a7815c6393ef8a4b9efd2676f2f,2023-07-27 23:10:51,1.0,,,,,
18,Pudgy Penguin Limited Reveal Pass,1K,176,https://rarible.com/collection/polygon/0x99f3d7235d6e8e730b9b9ac43bf61f724c90399d,,Polygon,0x99f3d7235d6e8e730b9b9ac43bf61f724c90399d,2023-01-10 21:05:01,1.0,1.0,,,,
180,Pudgy Penguin,1,1,https://rarible.com/collection/zksync/0x8f5da5ed784eb07c91a1c755980a40b97249c0c8,,zkSync,0x8f5da5ed784eb07c91a1c755980a40b97249c0c8,2023-07-20 22:01:42,1.0,,,,,
181,Pudgy Penguin,1,1,https://rarible.com/collection/zksync/0x936b157cb66397631e4cd64a42cfe67928bf15cb,,zkSync,0x936b157cb66397631e4cd64a42cfe67928bf15cb,2023-08-12 17:52:10,1.0,,,,,
182,Pudgy Penguin,1,1,https://rarible.com/collection/zksync/0xa402d5d779ac1bfe9a000fb345236c538df693d1,,zkSync,0xa402d5d779ac1bfe9a000fb345236c538df693d1,2023-09-08 14:34:00,1.0,,,,,
183,Pudgy Penguin,1,1,https://rarible.com/collection/zksync/0xa5dfc75eb103c2dd25eaae6ef3cee966780b31b5,,zkSync,0xa5dfc75eb103c2dd25eaae6ef3cee966780b31b5,2023-07-16 13:06:37,1.0,,,,,
184,Pudgy Penguins,1,1,https://rarible.com/collection/zksync/0xacf6390b7c2f9916688f4baf90119cca4234712b,,zkSync,0xacf6390b7c2f9916688f4baf90119cca4234712b,2023-07-01 13:20:08,1.0,1.0,,,,
185,Pudgy Penguin #7381,1,1,https://rarible.com/collection/zksync/0xb216305f2124fc2ac2fb547347a9198f0c263506,,zkSync,0xb216305f2124fc2ac2fb547347a9198f0c263506,2023-12-10 14:22:11,1.0,1.0,,,,
186,Pudgy Penguin,1,1,https://rarible.com/collection/zksync/0xb69c3e553f2187005381b621f05611c033ea83a8,,zkSync,0xb69c3e553f2187005381b621f05611c033ea83a8,2023-08-11 14:24:49,1.0,,,,,
187,Pudgy Penguins,1,2,https://rarible.com/collection/base/0x7b1600980f34eeeee4e77537c9df05dcb6a2f9cc,,Base,0x7b1600980f34eeeee4e77537c9df05dcb6a2f9cc,2024-06-17 03:44:19,1.0,1.0,,,,
188,Pudgy Penguin,1,1,https://rarible.com/collection/base/0x89a70e8efeb0959d5fac136120cfa545944492e5,,Base,0x89a70e8efeb0959d5fac136120cfa545944492e5,2024-03-18 14:13:31,1.0,1.0,,,,
189,Pudgy Penguins,1,1,https://rarible.com/collection/base/0xcd533a6d25356bd35be401ac67652d2eb1d710a8,,Base,0xcd533a6d25356bd35be401ac67652d2eb1d710a8,2024-03-01 18:33:45,1.0,,,,,
19,LC Pudgy Penguin Limited Reveal Pass,1K,176,https://rarible.com/collection/polygon/0x9bb0a44c6aa686690329eb3df70f14e93ba9fdeb,,Polygon,0x9bb0a44c6aa686690329eb3df70f14e93ba9fdeb,2023-01-10 21:05:05,1.0,1.0,,,,
190,PudgyPenguins,1,1,https://rarible.com/collection/polygon/0x076d3a258aa52d3f2e2f95157992e6f3d8f56520,,Polygon,0x076d3a258aa52d3f2e2f95157992e6f3d8f56520,2023-09-07 14:37:04,1.0,1.0,,,,
191,PudgyPenguins,1,1,https://rarible.com/collection/polygon/0x190d44083cb4dcdae1e120a874083aae3c902964,,Polygon,0x190d44083cb4dcdae1e120a874083aae3c902964,2021-08-11 14:14:55,1.0,,,,,
192,Pudgy Penguins,1,1,https://rarible.com/collection/polygon/0x263b0ee602f59e428bbd312e58074839a8ef9ff0,,Polygon,0x263b0ee602f59e428bbd312e58074839a8ef9ff0,2023-08-18 17:11:32,1.0,,,,,
193,Pudgy Penguins,1,1,https://rarible.com/collection/polygon/0x4ead44d63bc5ddf5ce7ca63f6023c7abbb9951a7,,Polygon,0x4ead44d63bc5ddf5ce7ca63f6023c7abbb9951a7,2023-01-17 01:20:06,1.0,1.0,,,,
194,Test - Pudgy Penguin,1,1,https://rarible.com/collection/polygon/0x5bb2bd89f3e338928ad5314be2ab28d70864c536,,Polygon,0x5bb2bd89f3e338928ad5314be2ab28d70864c536,2023-09-25 14:27:37,1.0,1.0,,,,
195,PudgyPenguins,1,1,https://rarible.com/collection/polygon/0x63e92885c5dcd6993021e69e44a574eb4310b5c4,,Polygon,0x63e92885c5dcd6993021e69e44a574eb4310b5c4,2021-10-21 13:52:14,1.0,,,,,
196,Pudgy Penguins,1,1,https://rarible.com/collection/polygon/0x852b664cc5386ebfc00c03e0eb726d93fa3fe2a9,,Polygon,0x852b664cc5386ebfc00c03e0eb726d93fa3fe2a9,2024-04-20 23:14:35,1.0,1.0,,,,
197,Pudgy Penguin 2857,1,2,https://rarible.com/collection/polygon/0x9ad7f0ae144eafbaed12dbeb4474d6fa01453fee,,Polygon,0x9ad7f0ae144eafbaed12dbeb4474d6fa01453fee,2024-02-07 12:38:22,1.0,1.0,,,,
198,PudgyPenguins,1,1,https://rarible.com/collection/polygon/0xc9efbcfa45df2e7d6171323d0884444d4d1268d1,,Polygon,0xc9efbcfa45df2e7d6171323d0884444d4d1268d1,2021-08-11 19:32:57,1.0,,,,,
199,Pudgy Penguin 2857,1,2K,https://rarible.com/collection/polygon/0xce577a8d8efe100cb54c72dc01570ffec9adf008,,Polygon,0xce577a8d8efe100cb54c72dc01570ffec9adf008,2024-02-07 10:40:50,1.0,1.0,,,,
2,Based Pudgy Penguins,500,20,https://rarible.com/collection/base/0x56b076124441bcc07eb49f612d00109a44db32d7,,Base,0x56b076124441bcc07eb49f612d00109a44db32d7,2024-06-12 18:10:53,1.0,,,,,
20,The Pudgy Penguin Collection Reveal Pass,1K,176,https://rarible.com/collection/polygon/0xab5b2661068171198fcbf8d109d8ead1ebff7971,,Polygon,0xab5b2661068171198fcbf8d109d8ead1ebff7971,2023-01-10 21:05:11,1.0,1.0,,,,
200,pudgypenguins,1,1,https://rarible.com/collection/polygon/0xd18eb5ddaaa45810b85eb39fdafb0973a2f61668,,Polygon,0xd18eb5ddaaa45810b85eb39fdafb0973a2f61668,2023-04-08 09:00:07,1.0,1.0,,,,
201,Pudgy Penguin #4111,1,1,https://rarible.com/collection/zksync/0x096ee98588770d8bd061e4873513caad27fdc33a,,zkSync,0x096ee98588770d8bd061e4873513caad27fdc33a,2023-06-23 21:42:00,1.0,,,,,
202,Pudgy Penguins,1,1,https://rarible.com/collection/zksync/0x154da79ce95b08d6293cf9f84d944bff2962c4fa,,zkSync,0x154da79ce95b08d6293cf9f84d944bff2962c4fa,2024-02-02 23:24:26,1.0,,,,,
203,Pudgy Penguin,1,1,https://rarible.com/collection/zksync/0x1ae71e5ba9e97da6354c149c80a517646e324604,,zkSync,0x1ae71e5ba9e97da6354c149c80a517646e324604,2023-07-19 09:50:48,1.0,,,,,
204,Pudgy Penguins,1,1,https://rarible.com/collection/zksync/0x1cbbda04573e7e5a0aebc444183aa5a25816bde9,,zkSync,0x1cbbda04573e7e5a0aebc444183aa5a25816bde9,2023-09-03 00:16:20,1.0,,,,,
205,Pudgy Penguin,1,1,https://rarible.com/collection/zksync/0x3cbad3f1a4a76c5c54a32157a2263d20ce0acd24,,zkSync,0x3cbad3f1a4a76c5c54a32157a2263d20ce0acd24,2023-06-11 21:25:37,1.0,1.0,,,,
206,Pudgy Penguin,1,1,https://rarible.com/collection/zksync/0x4bdab656df822a761c61f01225d1794995d73a5a,,zkSync,0x4bdab656df822a761c61f01225d1794995d73a5a,2023-06-11 17:00:13,1.0,,,,,
207,PudgySoldierPenguins,1,1,https://rarible.com/collection/0x28cb76eb4a76abdc2a1ffb2f431b50a08097395b,,Ethereum,0x28cb76eb4a76abdc2a1ffb2f431b50a08097395b,2023-04-05 15:08:59,1.0,,,,,
208,PudgySoldierPenguins,1,1,https://rarible.com/collection/0x31100910afdbeef9e2730e2b3d18bad8719ab977,,Ethereum,0x31100910afdbeef9e2730e2b3d18bad8719ab977,2023-04-05 14:21:23,1.0,,,,,
209,Ordinal Pudgy Penguins,1,1,https://rarible.com/collection/0x75e09b1e6dbe3324f7261e71db73f8a7473940a2,,Ethereum,0x75e09b1e6dbe3324f7261e71db73f8a7473940a2,2023-02-10 18:15:11,1.0,,,,,
21,LC Pudgy Penguin Originals Reveal Pass,1K,176,https://rarible.com/collection/polygon/0xb22d9977acabb8f6900e714560a0e708d9f52334,,Polygon,0xb22d9977acabb8f6900e714560a0e708d9f52334,2023-01-10 21:05:05,1.0,1.0,,,,
210,PudgySoldierPenguins,1,1,https://rarible.com/collection/0x853c7587ab88e62ddb29bb2b3047cca1237eeede,,Ethereum,0x853c7587ab88e62ddb29bb2b3047cca1237eeede,2023-04-05 15:31:11,1.0,,,,,
211,FraktalNFT(PudgyPenguins),1,1,https://rarible.com/collection/0x87f62ed4653852148407e8a7210032c69f94d30d,,Ethereum,0x87f62ed4653852148407e8a7210032c69f94d30d,2022-03-19 10:39:55,1.0,1.0,,,,
212,AI PUDGY PENGUIN,1,1,https://rarible.com/collection/0xbd6d5ee648be33d122ff3b2d1ddb7b8a04240e2b,,Ethereum,0xbd6d5ee648be33d122ff3b2d1ddb7b8a04240e2b,2022-08-26 03:31:08,1.0,,,,,
213,AI PUDGY PENGUIN,1,1,https://rarible.com/collection/0xcf421ed215150a268f8ede00a7c464a39b3bee6a,,Ethereum,0xcf421ed215150a268f8ede00a7c464a39b3bee6a,2022-08-25 16:23:07,1.0,,,,,
214,PudgySoldierPenguins,1,1,https://rarible.com/collection/0xd9231a63c51b32b897bf75d31694dc217815bd80,,Ethereum,0xd9231a63c51b32b897bf75d31694dc217815bd80,2023-04-06 00:53:35,1.0,,,,,
215,Pudgy Penguin #1839,1,1,https://rarible.com/collection/0xe1ca27927e17d3ac7143b957cc7e54e692966b1d,,Ethereum,0xe1ca27927e17d3ac7143b957cc7e54e692966b1d,2023-09-04 13:50:59,1.0,1.0,,,,
216,Pudgy Penguin Victory Lap,1,20,https://rarible.com/collection/0xe3728eda63316923ccc520ced82d4b44a65e6af2,,Ethereum,0xe3728eda63316923ccc520ced82d4b44a65e6af2,2023-06-30 10:33:59,1.0,,,,,
217,PudgySoldierPenguins,1,1,https://rarible.com/collection/0xed9fd268e44c3a1649bf6cf56be8106cbb294c36,,Ethereum,0xed9fd268e44c3a1649bf6cf56be8106cbb294c36,2023-04-05 22:11:35,1.0,,,,,
218,Based pudgy penguins,1,357,https://rarible.com/collection/base/0x00baadc758da5a5cdc130c11fb9ac9b3cb734a46,,Base,0x00baadc758da5a5cdc130c11fb9ac9b3cb734a46,2024-04-08 00:37:07,1.0,,,,,
219,Pudgy Penguins,1,1,https://rarible.com/collection/base/0x14dac86560abb812c54b9b7ef0f9191a86ca26f4,,Base,0x14dac86560abb812c54b9b7ef0f9191a86ca26f4,2023-10-16 14:14:39,1.0,,,,,
22,Pudgy Penguin Officials Reveal Pass,1K,176,https://rarible.com/collection/polygon/0xbf79d9a9df60b58f05cf15fde62beb6ac04bfa7b,,Polygon,0xbf79d9a9df60b58f05cf15fde62beb6ac04bfa7b,2023-01-10 21:05:11,1.0,1.0,,,,
220,Pudgy Penguins ATH 🐧,1,1,https://rarible.com/collection/base/0x31fe9b1cd59862ffa72a6366822b8c6638afad3a,,Base,0x31fe9b1cd59862ffa72a6366822b8c6638afad3a,2023-12-08 09:01:37,1.0,,,,,
221,pudgypenguins/member,1,1,https://rarible.com/collection/base/0x363db2fba5b1b4aee467a99fa26b4fc4e8830edd,,Base,0x363db2fba5b1b4aee467a99fa26b4fc4e8830edd,2024-03-07 00:52:21,1.0,,,,,
222,pudgy penguin,1,16,https://rarible.com/collection/base/0x39ee0ee21902d45098652641b04cf19173bf8ba7,,Base,0x39ee0ee21902d45098652641b04cf19173bf8ba7,2024-02-26 19:55:49,1.0,,,,,
223,Forking |  Pudgy Penguins |Ai Update,1,1,https://rarible.com/collection/base/0x5c675dff5f22eb9f89e755184447bd023afd3c81,,Base,0x5c675dff5f22eb9f89e755184447bd023afd3c81,2023-10-02 04:52:45,1.0,,,,,
224,far.cards - pudgypenguin,1,3,https://rarible.com/collection/base/0x721ed24806923d9b8080e37fadf2e1b08043f16b,,Base,0x721ed24806923d9b8080e37fadf2e1b08043f16b,2024-04-25 21:22:37,1.0,1.0,,,,
225,Pudgy Penguins,1,2,https://rarible.com/collection/base/0x736dc19cdf45c5a36d355469498d70a2f886857d,,Base,0x736dc19cdf45c5a36d355469498d70a2f886857d,2024-02-25 21:03:29,1.0,,,,,
226,Pudgy Penguin,1,1,https://rarible.com/collection/base/0x7907c3a71f9b5ed7c4f6f67a8e536256d0875087,,Base,0x7907c3a71f9b5ed7c4f6f67a8e536256d0875087,2024-06-17 03:41:55,1.0,1.0,,,,
227,pudgypenguins LZ,1,1,https://rarible.com/collection/0x08edfb5f6b5b715413ef796cc7d5ce1145262424,,Ethereum,0x08edfb5f6b5b715413ef796cc7d5ce1145262424,2023-04-01 21:19:59,1.0,,,,,
228,Pudgy Penguins,1,1,https://rarible.com/PUDGYPENGUlNS,,Ethereum,0x2639dc3953f4e51b2d220d813e699701faedc16e,,1.0,,,,,
229,X404-PudgyPenguins,1,7,https://rarible.com/collection/0x2687bc1fef0539217659219296724bc9571b061f,,Ethereum,0x2687bc1fef0539217659219296724bc9571b061f,2024-03-18 14:35:47,1.0,,,,,
23,The Pudgy Penguin Officials Reveal Pass,1K,176,https://rarible.com/collection/polygon/0xcdce87433b024fed7288df2ece8e41ef5e78c233,,Polygon,0xcdce87433b024fed7288df2ece8e41ef5e78c233,2023-01-10 21:05:11,1.0,1.0,,,,
230,Pudgy Penguin,,,https://rarible.com/collection/polygon/0xd4167b84d326cb2b84c341acb2e100aee09ccb0a,,Polygon,0xd4167b84d326cb2b84c341acb2e100aee09ccb0a,,1.0,,,,,
231,Pudgy#47 Penguins,,,https://rarible.com/collection/polygon/0xd71c62a53bcdb75bc87d136ab65d19c944717eac,,Polygon,0xd71c62a53bcdb75bc87d136ab65d19c944717eac,,1.0,,,,,
232,Pudgy Cubism Penguins,,,https://rarible.com/collection/polygon/0xd72a27f59250311996993efffb6509de6977d922,,Polygon,0xd72a27f59250311996993efffb6509de6977d922,,1.0,,,,,
233,Pudgy Penguin,1,1,https://rarible.com/collection/polygon/0xddf7f21a69e74505ed6d4020e928881a7b9e09ec,,Polygon,0xddf7f21a69e74505ed6d4020e928881a7b9e09ec,2023-04-20 13:06:16,1.0,1.0,,,,
234,PudgyPenguins,,,https://rarible.com/collection/polygon/0xde2c10c3915d052cbc6f3ede3e0760ac4cea4633,,Polygon,0xde2c10c3915d052cbc6f3ede3e0760ac4cea4633,,1.0,,,,,
235,PudgyPenguins,,,https://rarible.com/collection/polygon/0xe1e1f475fc7b9266abe320a0ad942b6c755b6d65,,Polygon,0xe1e1f475fc7b9266abe320a0ad942b6c755b6d65,,1.0,,,,,
236,PudgyPenguin,,,https://rarible.com/collection/polygon/0xe46b3cd245ea4171d9bb62107fceb236a274fcee,,Polygon,0xe46b3cd245ea4171d9bb62107fceb236a274fcee,,1.0,,,,,
237,PolyPudgyPenguins,,,https://rarible.com/collection/polygon/0xe5ec078f25741d89546ce316d36f908ef8536607,,Polygon,0xe5ec078f25741d89546ce316d36f908ef8536607,,1.0,,,,,
238,Pudgy Penguin,,,https://rarible.com/collection/polygon/0xe6446a1a36a1327e77fb936e784cb16a717887d2,,Polygon,0xe6446a1a36a1327e77fb936e784cb16a717887d2,,1.0,,,,,
239,Pudgy Penguin #2521,,,https://rarible.com/collection/polygon/0xe73024c6647691de63a199a1241fe37f063688b9,,Polygon,0xe73024c6647691de63a199a1241fe37f063688b9,,1.0,,,,,
24,Forever Pudgy Penguin,4.3K,4.3K,https://rarible.com/collection/polygon/0xf7cfe2c9e09cfdd8de7df7c2b20563301d21435d,,Polygon,0xf7cfe2c9e09cfdd8de7df7c2b20563301d21435d,2023-04-05 13:11:05,1.0,,,,,
240,PudgyPenguins,,,https://rarible.com/collection/polygon/0xea6451045367d2aee2b0ce0f0d10175056912de6,,Polygon,0xea6451045367d2aee2b0ce0f0d10175056912de6,,1.0,,,,,
241,Pudgy Penguins,1,1,https://rarible.com/collection/polygon/0xf2815a5709d8577c683c13600d879463354d5f3e,,Polygon,0xf2815a5709d8577c683c13600d879463354d5f3e,2023-12-04 00:51:07,1.0,,,,,
242,Pudgy Penguins,,,https://rarible.com/collection/polygon/0xf3e01fe12ccd177d00ad60c82d3019235ad7eb27,,Polygon,0xf3e01fe12ccd177d00ad60c82d3019235ad7eb27,,1.0,,,,,
243,Pudgy Penguins,,,https://rarible.com/collection/polygon/0xf5626ba8df41ee295e453837535938ce5c972614,,Polygon,0xf5626ba8df41ee295e453837535938ce5c972614,,1.0,,,,,
244,Pudgy Penguin (Polygon),,,https://rarible.com/collection/polygon/0xf5e905d71d7529dcc1e84136fed9dfe8a32ed839,,Polygon,0xf5e905d71d7529dcc1e84136fed9dfe8a32ed839,,1.0,,,,,
245,Pudgy Penguin,1,17,https://rarible.com/collection/zksync/0x6aea07ad6e82a8ff200eb26a08ad3ca4c06214eb,,zkSync,0x6aea07ad6e82a8ff200eb26a08ad3ca4c06214eb,2023-07-17 13:10:47,1.0,,,,,
246,PudgyPenguins,,,https://rarible.com/collection/zksync/0xe014eabd477b3bacb5b906ec202184a0ed1922fd,,zkSync,0xe014eabd477b3bacb5b906ec202184a0ed1922fd,,1.0,,,,,
247,CubismPudgyPenguins,,,https://rarible.com/collection/polygon/0x853a01c85e6bddcbd2f1288931c1394554e6fadf,,Polygon,0x853a01c85e6bddcbd2f1288931c1394554e6fadf,,1.0,,,,,
248,Pudgy Penguin #6873,,,https://rarible.com/collection/polygon/0x8d3247e9cbf54baee79363e947834656816bfc01,,Polygon,0x8d3247e9cbf54baee79363e947834656816bfc01,,1.0,,,,,
249,Pudgy Penguine #5,,,https://rarible.com/collection/polygon/0x8dfb6f13d6a2221a77e248d797e4934c6541ecc6,,Polygon,0x8dfb6f13d6a2221a77e248d797e4934c6541ecc6,,1.0,,,,,
25,Pudgy Penguin Originals Reveal Pass,1K,176,https://rarible.com/collection/polygon/0xfc3627c75483a158d0a981b184ce5e0caf51fe77,,Polygon,0xfc3627c75483a158d0a981b184ce5e0caf51fe77,2023-01-10 21:05:09,1.0,1.0,,,,
250,Pudgypenguins,,,https://rarible.com/collection/polygon/0x8e7aa6e4650a060b2732fb8427c39942c3c732c6,,Polygon,0x8e7aa6e4650a060b2732fb8427c39942c3c732c6,,1.0,,,,,
251,PudgyPenguins,,,https://rarible.com/collection/polygon/0x91447f31e2b1a174121e2d135f637bb69858579d,,Polygon,0x91447f31e2b1a174121e2d135f637bb69858579d,,1.0,,,,,
252,PudgyPenguins,,,https://rarible.com/collection/polygon/0x9bf4d76ee4d3c42081967a42c729b835d9e2def6,,Polygon,0x9bf4d76ee4d3c42081967a42c729b835d9e2def6,,1.0,,,,,
253,pudgy penguin,,,https://rarible.com/collection/polygon/0xa2a5efbbfc1985d7c2c871e7ece3333bac9f3277,,Polygon,0xa2a5efbbfc1985d7c2c871e7ece3333bac9f3277,,1.0,,,,,
254,Pudgy Penguins,,,https://rarible.com/collection/polygon/0xa37698e2a0184d57e114602d550d92b6c9ceaf6a,,Polygon,0xa37698e2a0184d57e114602d550d92b6c9ceaf6a,,1.0,,,,,
255,Pudgy Penguins V,,,https://rarible.com/collection/polygon/0xa5318cec472def0ba644fdae6efd3477cd29bdb2,,Polygon,0xa5318cec472def0ba644fdae6efd3477cd29bdb2,,1.0,,,,,
256,Pudgy Penguin,,,https://rarible.com/collection/polygon/0xab31127a0bfe5a307b6cbee08d24872fad87994e,,Polygon,0xab31127a0bfe5a307b6cbee08d24872fad87994e,,1.0,,,,,
257,PudgyCubismPenguins,,,https://rarible.com/collection/polygon/0xb08dd8944580a08d6dcd0ee8626b01137022906e,,Polygon,0xb08dd8944580a08d6dcd0ee8626b01137022906e,,1.0,,,,,
258,Pudgy Penguins,,,https://rarible.com/collection/polygon/0xb1ee4990015236a51860ac241217f0b401120915,,Polygon,0xb1ee4990015236a51860ac241217f0b401120915,,1.0,,,,,
259,Pudgy Penguins,,,https://rarible.com/collection/polygon/0xb36a2558252621a4802c0df48b0f5ee3ab6020a6,,Polygon,0xb36a2558252621a4802c0df48b0f5ee3ab6020a6,,1.0,,,,,
26,Forever Pudgy Penguins,69.9K,69.9K,https://rarible.com/collection/zksync/0x65d8e9461f9018596fe0ab94fa050ffb3bca242f,,zkSync,0x65d8e9461f9018596fe0ab94fa050ffb3bca242f,2023-11-02 14:49:44,1.0,,,,,
260,PudgyPenguins,,,https://rarible.com/collection/polygon/0xb8670cbd09b1f193abd657cd46e2abbc7be9ef0c,,Polygon,0xb8670cbd09b1f193abd657cd46e2abbc7be9ef0c,,1.0,,,,,
261,Pudgy Penguin,,,https://rarible.com/collection/polygon/0xb8c583bcd09670345e5edfaa62620017a3c84571,,Polygon,0xb8c583bcd09670345e5edfaa62620017a3c84571,,1.0,,,,,
262,Pudgy Penguine #1,,,https://rarible.com/collection/polygon/0xbec9f905f5f88a81ec81678300d17faa53595512,,Polygon,0xbec9f905f5f88a81ec81678300d17faa53595512,,1.0,,,,,
263,Pudgy Cubism Penguins,,,https://rarible.com/collection/polygon/0xc454ae83048331660b5c77f55c56b4a36f79942e,,Polygon,0xc454ae83048331660b5c77f55c56b4a36f79942e,,1.0,,,,,
264,Pudgy Penguin,,,https://rarible.com/collection/polygon/0xc9c7c627b55db3ad5ff7f3ba01343560523779bc,,Polygon,0xc9c7c627b55db3ad5ff7f3ba01343560523779bc,,1.0,,,,,
265,Pudgy Penguins,,,https://rarible.com/collection/polygon/0xce8c9162cf5898f39ade873fd760d8f6cc8e0198,,Polygon,0xce8c9162cf5898f39ade873fd760d8f6cc8e0198,,1.0,,,,,
266,Pudgy penguins,,,https://rarible.com/collection/polygon/0xcff6627ba5a5acb67a4ea8267964ccf0592bb16e,,Polygon,0xcff6627ba5a5acb67a4ea8267964ccf0592bb16e,,1.0,,,,,
267,Pudgy Penguins,,,https://rarible.com/collection/polygon/0x2ffc0eac884bf0e1fe165a579358154ff87f2640,,Polygon,0x2ffc0eac884bf0e1fe165a579358154ff87f2640,,1.0,,,,,
268,PudgyPenguins,,,https://rarible.com/collection/polygon/0x335ef447aaa0f8d7c6babd8cc882ca6067dbe1b6,,Polygon,0x335ef447aaa0f8d7c6babd8cc882ca6067dbe1b6,,1.0,,,,,
269,Pudgy Penguin Space,,,https://rarible.com/collection/polygon/0x352db81a220dd68962062293cc6ee1f7f226df60,,Polygon,0x352db81a220dd68962062293cc6ee1f7f226df60,,1.0,,,,,
27,Cool Pixel Pudgy Penguins,1K,368,https://rarible.com/collection/0x58fb2d0781677ef238a3d620e7c21dd034074742,,Ethereum,0x58fb2d0781677ef238a3d620e7c21dd034074742,2022-08-22 19:30:13,1.0,,,,,
270,Pudgy Penguin,,,https://rarible.com/collection/polygon/0x369353feba08c3b91f423da775004090c257d997,,Polygon,0x369353feba08c3b91f423da775004090c257d997,,1.0,,,,,
271,Pudgy Penguine #2,,,https://rarible.com/collection/polygon/0x3ba30ccc4f80dc991084cf03e8bad4b32db6854f,,Polygon,0x3ba30ccc4f80dc991084cf03e8bad4b32db6854f,,1.0,,,,,
272,Pudgy Penguin #2857,,,https://rarible.com/collection/polygon/0x3c2efc1c8b776617208d861c740bb3444cbe164c,,Polygon,0x3c2efc1c8b776617208d861c740bb3444cbe164c,,1.0,,,,,
273,Pudgy Penguins Tank Equip,,,https://rarible.com/collection/polygon/0x3cf976d0a22e4cc0716b41dd3f96b669a01cc62c,,Polygon,0x3cf976d0a22e4cc0716b41dd3f96b669a01cc62c,,1.0,,,,,
274,Pudgy Penguins Pixel,,,https://rarible.com/collection/polygon/0x4171f0310d6e24b2c833f90dd2f27144c303055f,,Polygon,0x4171f0310d6e24b2c833f90dd2f27144c303055f,,1.0,,,,,
275,pudgy penguins,,,https://rarible.com/collection/polygon/0x4875a3d206f9dc217f4fa98c547713c63cbcec4c,,Polygon,0x4875a3d206f9dc217f4fa98c547713c63cbcec4c,,1.0,,,,,
276,Pudgy Penguine #5,,,https://rarible.com/collection/polygon/0x4b81d08ff3dd3a49d859f805fbbc66280011435f,,Polygon,0x4b81d08ff3dd3a49d859f805fbbc66280011435f,,1.0,,,,,
277,Pudgy Penguins: Polygon,,,https://rarible.com/collection/polygon/0x52d72d2a42a53314dfeb9343c12d70ea1ccecd60,,Polygon,0x52d72d2a42a53314dfeb9343c12d70ea1ccecd60,,1.0,,,,,
278,Pudgy Penguins Pixel,,,https://rarible.com/collection/polygon/0x619ae81c0c156908bded7ca34f7a93e71e12e072,,Polygon,0x619ae81c0c156908bded7ca34f7a93e71e12e072,,1.0,,,,,
279,pudgy penguins,,,https://rarible.com/collection/polygon/0x6f4c25db785c0812d55632cedc287abb575624d0,,Polygon,0x6f4c25db785c0812d55632cedc287abb575624d0,,1.0,,,,,
28,Egg s By Pudgy Penguins,856,9,https://rarible.com/collection/0xe1a200f5d4adcc65c1d80fa2ba110ea5209fe535,,Ethereum,0xe1a200f5d4adcc65c1d80fa2ba110ea5209fe535,2023-01-05 09:21:59,1.0,,,,,
280,pudgy penguin,,,https://rarible.com/collection/polygon/0x6f91137a294477ccad57871d9a09a0b7178601ea,,Polygon,0x6f91137a294477ccad57871d9a09a0b7178601ea,,1.0,,,,,
281,PudgyPenguins,,,https://rarible.com/collection/polygon/0x705d061b12b874285403f547ee836f9b9e524644,,Polygon,0x705d061b12b874285403f547ee836f9b9e524644,,1.0,,,,,
282,PIXEL Pudgy Penguins 97,,,https://rarible.com/collection/polygon/0x726d02e9534a7d9ccbde307d269c74048d11a616,,Polygon,0x726d02e9534a7d9ccbde307d269c74048d11a616,,1.0,,,,,
283,Pudgy penguins,,,https://rarible.com/collection/polygon/0x768b55d81d7923f001b638dede1e5188fa7b94e1,,Polygon,0x768b55d81d7923f001b638dede1e5188fa7b94e1,,1.0,,,,,
284,Pudgy Penguin,,,https://rarible.com/collection/polygon/0x7c31ae90944ea925d8bae24b2fcfec69f978369e,,Polygon,0x7c31ae90944ea925d8bae24b2fcfec69f978369e,,1.0,,,,,
285,Pudgy Penguins,,,https://rarible.com/collection/polygon/0x7f5cdc05fefa2fdb186fa97fa422cc2b151f0a7e,,Polygon,0x7f5cdc05fefa2fdb186fa97fa422cc2b151f0a7e,,1.0,,,,,
286,Pudgy Penguins: Ethereum,,,https://rarible.com/collection/polygon/0x80b0d631577ab2926fcbf3e3b2a2e251ab344ca6,,Polygon,0x80b0d631577ab2926fcbf3e3b2a2e251ab344ca6,,1.0,,,,,
287,stig308 Pudgy Penguin,,,https://rarible.com/collection/0xfd338ccfae760a68f9835b43a2ee704ab85f5f95,,Ethereum,0xfd338ccfae760a68f9835b43a2ee704ab85f5f95,,1.0,,,,,
288,Pudgy Penguin #2521,,,https://rarible.com/collection/base/0x046bd3e91b01a21076651617d553b61469130aa3,,Base,0x046bd3e91b01a21076651617d553b61469130aa3,,1.0,,,,,
289,Pudgy Penguin #1,,,https://rarible.com/collection/base/0x0f4284c0728f5c9ef05a8baa771b1e1242b23b09,,Base,0x0f4284c0728f5c9ef05a8baa771b1e1242b23b09,,1.0,,,,,
29,Pudgy Penguin Genesis Reveal Pass,1K,176,https://rarible.com/collection/polygon/0x012e50a6e30b609f4063d463aa720c963fe5e210,,Polygon,0x012e50a6e30b609f4063d463aa720c963fe5e210,2023-01-10 21:05:07,1.0,1.0,,,,
290,Pudgy Penguin's,,,https://rarible.com/collection/base/0x184dbb03312e8479d89b1fbdfe0dba66674684a8,,Base,0x184dbb03312e8479d89b1fbdfe0dba66674684a8,,1.0,,,,,
291,Pudgy Penguin #2521,,,https://rarible.com/collection/base/0x2843698935e050156ae1cc356db2ba82b129206b,,Base,0x2843698935e050156ae1cc356db2ba82b129206b,,1.0,,,,,
292,Pudgy PenguinsKing,,,https://rarible.com/collection/base/0x3c211521e43709502ba94e2944801639bab10075,,Base,0x3c211521e43709502ba94e2944801639bab10075,,1.0,,,,,
293,Pudgy Penguin's,,,https://rarible.com/collection/base/0x4380e484162eb92252fb43f0032b3691ca234062,,Base,0x4380e484162eb92252fb43f0032b3691ca234062,,1.0,,,,,
294,PudgyPenguins,,,https://rarible.com/collection/base/0x860ba5a6a337d6da5e81b79cfedfb5b52a0ad5ae,,Base,0x860ba5a6a337d6da5e81b79cfedfb5b52a0ad5ae,,1.0,,,,,
295,Zora pudgy penguin 🐧,,,https://rarible.com/collection/base/0xc2900d8656a6559f001c843ad8a58f42d68c69e7,,Base,0xc2900d8656a6559f001c843ad8a58f42d68c69e7,,1.0,,,,,
296,pudgy penguins space,,,https://rarible.com/collection/polygon/0x02165a2aea42351a94f0bed86f5a1adb9f5438af,,Polygon,0x02165a2aea42351a94f0bed86f5a1adb9f5438af,,1.0,,,,,
297,pudgy penguins space,,,https://rarible.com/collection/polygon/0x02670878649934be2323e688d479ac82536a1aef,,Polygon,0x02670878649934be2323e688d479ac82536a1aef,,1.0,,,,,
298,pudgy penguins,,,https://rarible.com/collection/polygon/0x0c6024c8e84d2a05672bbedd7889260348806cf3,,Polygon,0x0c6024c8e84d2a05672bbedd7889260348806cf3,,1.0,,,,,
299,Lil Baby Pudgy Penguins,,,https://rarible.com/collection/polygon/0x0d34f2a13b3eb59add580bd24316dc80a2705ebf,,Polygon,0x0d34f2a13b3eb59add580bd24316dc80a2705ebf,,1.0,,,,,
3,Pixel Pudgy Penguins,2.2K,618,https://rarible.com/collection/0x13c83deef76383571de0c1fdc9e50e439c20f85c,,Ethereum,0x13c83deef76383571de0c1fdc9e50e439c20f85c,2022-08-24 00:35:14,1.0,,,,,
30,LC Pudgy Penguin Officials Reveal Pass,1K,176,https://rarible.com/collection/polygon/0x09286faed67d3d974a47da4a50bf6b527b263f78,,Polygon,0x09286faed67d3d974a47da4a50bf6b527b263f78,2023-01-10 21:05:07,1.0,1.0,,,,
300,Pudgy Penguin,,,https://rarible.com/collection/polygon/0x132a082dc044757957974660036d9f99beddf4fa,,Polygon,0x132a082dc044757957974660036d9f99beddf4fa,,1.0,,,,,
301,Lil Baby Pudgy Penguins,,,https://rarible.com/collection/polygon/0x1e678440055302819514be7aa516d48c98ab6f3b,,Polygon,0x1e678440055302819514be7aa516d48c98ab6f3b,,1.0,,,,,
302,PudgyPenguins (FXERC721),,,https://rarible.com/collection/polygon/0x280d11ce7c786f88011b03e9e2b200fba44381ce,,Polygon,0x280d11ce7c786f88011b03e9e2b200fba44381ce,,1.0,,,,,
303,Pudgy penguins,,,https://rarible.com/collection/polygon/0x29297a43adef8671e2fc62dac8f15b9c49723e4e,,Polygon,0x29297a43adef8671e2fc62dac8f15b9c49723e4e,,1.0,,,,,
304,Pudgy Penguin,,,https://rarible.com/collection/polygon/0x29764ed47852e810b893dbbe358b1688baada0cb,,Polygon,0x29764ed47852e810b893dbbe358b1688baada0cb,,1.0,,,,,
305,Pudgy Penguins,,,https://rarible.com/collection/polygon/0x2eaadc802dbec4eee4330567897c275c86cd0064,,Polygon,0x2eaadc802dbec4eee4330567897c275c86cd0064,,1.0,,,,,
306,Pudgypenguins1,,,https://rarible.com/collection/polygon/0x2ee00076e2041f0bd402d700d337937677b79187,,Polygon,0x2ee00076e2041f0bd402d700d337937677b79187,,1.0,,,,,
307,Wrapped PudgyPenguins,,,https://rarible.com/collection/0x174c10374745e388aaad1214bd084db4228b9526,,Ethereum,0x174c10374745e388aaad1214bd084db4228b9526,,1.0,,,,,
308,Pudgy Penguins,,,https://rarible.com/collection/0x1b311da224f50da1e7889bbe3dc0dde2a422b86e,,Ethereum,0x1b311da224f50da1e7889bbe3dc0dde2a422b86e,,1.0,,,,,
309,Pudgy Penguins,,,https://rarible.com/collection/0x309907e98652b3ed4ae6d787ab22ad3fc8047316,,Ethereum,0x309907e98652b3ed4ae6d787ab22ad3fc8047316,,1.0,,,,,
31,The Pudgy Penguin Origins Reveal Pass,1K,176,https://rarible.com/collection/polygon/0x0973a73038471dee8364d68e2a21046ce31d9046,,Polygon,0x0973a73038471dee8364d68e2a21046ce31d9046,2023-01-10 21:05:03,1.0,1.0,,,,
310,Pudgy Penguins 404,,,https://rarible.com/collection/0x48f056d425b7181d496d0f461916c35aec087d36,,Ethereum,0x48f056d425b7181d496d0f461916c35aec087d36,,1.0,,,,,
311,Pudgy Penguin,,,https://rarible.com/collection/0x560c92f886604539d57a4255b130cf94414f2c5a,,Ethereum,0x560c92f886604539d57a4255b130cf94414f2c5a,,1.0,,,,,
312,Pudgy Penguins,,,https://rarible.com/collection/0x60de0b27770fa17221f487b07ad446cfa60dad0c,,Ethereum,0x60de0b27770fa17221f487b07ad446cfa60dad0c,,1.0,,,,,
313,Pudgy Penguins,,,https://rarible.com/collection/0x68095657b7de8fdaa27fa06a5713160a0781a50b,,Ethereum,0x68095657b7de8fdaa27fa06a5713160a0781a50b,,1.0,,,,,
314,Pudgy Penguin #4762,,,https://rarible.com/collection/0x6ac95e1fd308f6e5049a8d365f4f05ffc59226b8,,Ethereum,0x6ac95e1fd308f6e5049a8d365f4f05ffc59226b8,,1.0,,,,,
315,Pudgy Penguins,,,https://rarible.com/collection/0x84391240dd0d6f81f27e96d08b0c5cce9fb0aa4d,,Ethereum,0x84391240dd0d6f81f27e96d08b0c5cce9fb0aa4d,,1.0,,,,,
316,Pudgy Penguins,,,https://rarible.com/collection/0x8d8b0d34b48d62b7cd730402f58610045bd4f7fa,,Ethereum,0x8d8b0d34b48d62b7cd730402f58610045bd4f7fa,,1.0,,,,,
317,Pudgy Penguin NFT,,,https://rarible.com/collection/0x920f2b8c17d8e9fa00cfdad4184cb9997908d435,,Ethereum,0x920f2b8c17d8e9fa00cfdad4184cb9997908d435,,1.0,,,,,
318,Pudgy Penguins,,,https://rarible.com/collection/0x934dfcc32ea6c6db4a332add360d6cb3d6effe3f,,Ethereum,0x934dfcc32ea6c6db4a332add360d6cb3d6effe3f,,1.0,,,,,
319,Pudgy Penguins (MID),,,https://rarible.com/collection/0x9425db1379327195a21c45f82eacd2778305bd9f,,Ethereum,0x9425db1379327195a21c45f82eacd2778305bd9f,,1.0,,,,,
32,Pudgy Penguin NFT Reveal Pass,1K,176,https://rarible.com/collection/polygon/0x0bfcc2ab4371d63b70b9c7f9067b15f4a81484c3,,Polygon,0x0bfcc2ab4371d63b70b9c7f9067b15f4a81484c3,2023-01-10 21:05:03,1.0,1.0,,,,
320,Pudgy Penguins,,,https://rarible.com/collection/0x9ba237aaf26d7b6e5efd0ca4e8e69b0771f082b6,,Ethereum,0x9ba237aaf26d7b6e5efd0ca4e8e69b0771f082b6,,1.0,,,,,
321,Pudgy Penguins 404,,,https://rarible.com/collection/0xae41255e3b875718137643ed5875dee224b3facf,,Ethereum,0xae41255e3b875718137643ed5875dee224b3facf,,1.0,,,,,
322,Pudgy Penguins,,,https://rarible.com/collection/0xc0b81af8b940264b1925ca8b1412ac80bb647af6,,Ethereum,0xc0b81af8b940264b1925ca8b1412ac80bb647af6,,1.0,,,,,
323,Fork Pudgy Penguins,,,https://rarible.com/collection/0xc1fa50a59ec1fca4efd8005d18d77f46ee89b6d8,,Ethereum,0xc1fa50a59ec1fca4efd8005d18d77f46ee89b6d8,,1.0,,,,,
324,Pudgy Penguins,,,https://rarible.com/collection/0xc5c0edd5d2e755d53a360890001d0b792e4d793a,,Ethereum,0xc5c0edd5d2e755d53a360890001d0b792e4d793a,,1.0,,,,,
325,NotPudgyPenguins,,,https://rarible.com/collection/0xe728a21df6a1c5cc5b7bf77bf20427034383f9f7,,Ethereum,0xe728a21df6a1c5cc5b7bf77bf20427034383f9f7,,1.0,,,,,
326,Pudgy Penguins survive wintwer,,,https://rarible.com/collection/0xef0cee8757da974551832f20de53850a017a4ea9,,Ethereum,0xef0cee8757da974551832f20de53850a017a4ea9,,1.0,,,,,
327,Cyan Wrapped PudgyPenguins,,,https://rarible.com/collection/0x15ab27215166f1c8e02df749f173eae52dfc19f6,,Ethereum,0x15ab27215166f1c8e02df749f173eae52dfc19f6,,1.0,,,,,
33,The Pudgy Penguin Original Reveal Pass,1K,176,https://rarible.com/collection/polygon/0x154e5b11c3c51a0b0ef7d2530cd0006f4ee7936e,,Polygon,0x154e5b11c3c51a0b0ef7d2530cd0006f4ee7936e,2023-01-10 21:05:11,1.0,1.0,,,,
34,Pudgy Penguin Original Reveal Pass,1K,176,https://rarible.com/collection/polygon/0x1b4bb3141e59e1a7043ceeac0b08ab5fc24b8318,,Polygon,0x1b4bb3141e59e1a7043ceeac0b08ab5fc24b8318,2023-01-10 21:05:09,1.0,1.0,,,,
35,LC Pudgy Penguin Origin Reveal Pass,1K,176,https://rarible.com/collection/polygon/0x283cab795d20de57a6970e9633f47896b9864f96,,Polygon,0x283cab795d20de57a6970e9633f47896b9864f96,2023-01-10 21:05:05,1.0,1.0,,,,
36,Pudgy Penguin Collection Reveal Pass,1K,176,https://rarible.com/collection/polygon/0x37ef351475da965cabd1eacb0b7aa4094830fd2b,,Polygon,0x37ef351475da965cabd1eacb0b7aa4094830fd2b,2023-01-10 21:05:09,1.0,1.0,,,,
37,The Pudgy Penguin Official Reveal Pass,1K,176,https://rarible.com/collection/polygon/0x3d4b38c2b9cd5c8b2213ecf27c19deee6fd0dde0,,Polygon,0x3d4b38c2b9cd5c8b2213ecf27c19deee6fd0dde0,2023-01-10 21:05:07,1.0,1.0,,,,
38,The Pudgy Penguin NFT Reveal Pass,1K,176,https://rarible.com/collection/polygon/0x4670c3435e558e5efc3950988801446e18ff4d75,,Polygon,0x4670c3435e558e5efc3950988801446e18ff4d75,2023-01-10 21:05:03,1.0,1.0,,,,
39,The Pudgy Penguin Limited Reveal Pass,1K,176,https://rarible.com/collection/polygon/0x48e7b8a88b39148a7f9c65534370aa4ea35a4744,,Polygon,0x48e7b8a88b39148a7f9c65534370aa4ea35a4744,2023-01-10 21:05:17,1.0,1.0,,,,
4,tiny pudgy penguins (eth),2.9K,152,https://rarible.com/collection/0x3e89f9874375473c6fc5ff82fea2ddf69cccba72,,Ethereum,0x3e89f9874375473c6fc5ff82fea2ddf69cccba72,2022-08-25 03:31:31,1.0,,,,,
40,LC Pudgy Penguin Collection Reveal Pass,1K,176,https://rarible.com/collection/polygon/0x50209414508b1b156c0983adfbfd3bd0ab0bac6f,,Polygon,0x50209414508b1b156c0983adfbfd3bd0ab0bac6f,2023-01-10 21:05:53,1.0,1.0,,,,
41,LC Pudgy Penguin Official Reveal Pass,1K,176,https://rarible.com/collection/polygon/0x5c53b777c1c0e1f52f5c7287be3952727763625a,,Polygon,0x5c53b777c1c0e1f52f5c7287be3952727763625a,2023-01-10 21:05:03,1.0,1.0,,,,
42,The Pudgy Penguin Originals Reveal Pass,1K,176,https://rarible.com/collection/polygon/0x5c63266d992b0b108370f48395f419e72523eafd,,Polygon,0x5c63266d992b0b108370f48395f419e72523eafd,2023-01-10 21:04:27,1.0,1.0,,,,
43,LC Pudgy Penguin Original Reveal Pass,1K,176,https://rarible.com/collection/polygon/0x5d0c427e393d5f64a9246ab2dbc890153d095652,,Polygon,0x5d0c427e393d5f64a9246ab2dbc890153d095652,2023-01-10 21:05:11,1.0,1.0,,,,
44,Pudgy Penguin Official Reveal Pass,1K,176,https://rarible.com/collection/polygon/0x68119f20676938094d3459e0f22409c99281f27a,,Polygon,0x68119f20676938094d3459e0f22409c99281f27a,2023-01-10 21:05:03,1.0,1.0,,,,
45,Pudgy Penguin Origins Reveal Pass,1K,176,https://rarible.com/collection/polygon/0x6f39e35016fb768fa12bc414846456d265b4a5bb,,Polygon,0x6f39e35016fb768fa12bc414846456d265b4a5bb,2023-01-10 21:05:07,1.0,1.0,,,,
46,LC Pudgy Penguin Genesis Reveal Pass,1K,176,https://rarible.com/collection/polygon/0x73936c2fe290464dfba0282c079d66d35fd073bd,,Polygon,0x73936c2fe290464dfba0282c079d66d35fd073bd,2023-01-10 21:04:27,1.0,1.0,,,,
47,NotPudgyPenguin,792,77,https://rarible.com/collection/0x5009fc6f299488b570d1ae2edc062199a42dd5c2,,Ethereum,0x5009fc6f299488b570d1ae2edc062199a42dd5c2,2022-08-24 20:03:22,1.0,,,,,
48,Pudgy Penguins,358,74,https://rarible.com/collection/base/0x5a934f81c33aedb8a774580a662721f11b3acde8,,Base,0x5a934f81c33aedb8a774580a662721f11b3acde8,2023-10-15 03:25:57,1.0,1.0,,,,
49,Pudgy Penguins,777,97,https://rarible.com/collection/base/0x5ceba1cd4a70338601d45183ca91323c7094686d,,Base,0x5ceba1cd4a70338601d45183ca91323c7094686d,2023-10-19 08:37:21,1.0,1.0,,,,
5,Lil Baby Pudgy Penguins,2K,47,https://rarible.com/lilbabypudgy,,Ethereum,0x42b448d40478a93d70739ac1aa82a4562f571a1d,2021-11-30 14:26:51,1.0,,,,,
50,PudgyPenguins,650,154,https://rarible.com/collection/base/0x863c5ad9c5432c96f133dbaf3f900513641456d2,,Base,0x863c5ad9c5432c96f133dbaf3f900513641456d2,2023-10-07 06:52:49,1.0,1.0,,,,
51,Based Pudgy Penguins,333,16,https://rarible.com/collection/base/0x90b49e11bd58d9bbb0514f9869bee88440ec22f3,,Base,0x90b49e11bd58d9bbb0514f9869bee88440ec22f3,2023-10-01 05:36:11,1.0,1.0,,,,
52,PudgyPenguins,592,108,https://rarible.com/collection/base/0xcec0d5ce8034737b99f724439b16df9f523bf2b8,,Base,0xcec0d5ce8034737b99f724439b16df9f523bf2b8,2023-10-13 15:52:29,1.0,1.0,,,,
53,3D Pudgy Penguin Mint Pass Original,413,402,https://rarible.com/collection/polygon/0x04878c1c0e400605bd62091768c6d88b09f82601,,Polygon,0x04878c1c0e400605bd62091768c6d88b09f82601,2022-12-11 21:24:10,1.0,,,,,
54,3D Pudgy Penguin Mint Pass Genesis,413,402,https://rarible.com/collection/polygon/0x32d1838c78b514d333786520bb2139fe88be4aea,,Polygon,0x32d1838c78b514d333786520bb2139fe88be4aea,2022-12-11 21:24:12,1.0,,,,,
55,3D Pudgy Penguin Mint Pass Official,413,402,https://rarible.com/collection/polygon/0x5c53a68cbf18e380980278f0d6f157c48bdf07ec,,Polygon,0x5c53a68cbf18e380980278f0d6f157c48bdf07ec,2022-12-11 21:24:10,1.0,,,,,
56,3D Pudgy Penguin Mint Pass Origins,413,402,https://rarible.com/collection/polygon/0x693825f6fd47e574cd8654d647209fc06345c83a,,Polygon,0x693825f6fd47e574cd8654d647209fc06345c83a,2022-12-11 21:24:14,1.0,,,,,
57,3D Pudgy Penguin Mint Pass Origin,413,402,https://rarible.com/collection/polygon/0x7a3dfd5f55fcb6117b2e94287bfdaf12f53cfa1f,,Polygon,0x7a3dfd5f55fcb6117b2e94287bfdaf12f53cfa1f,2022-12-11 21:24:14,1.0,,,,,
58,3D Pudgy Penguin Mint Pass Limited,413,402,https://rarible.com/collection/polygon/0x8424583fc6e60403c5bde5d41a086faa30f885ab,,Polygon,0x8424583fc6e60403c5bde5d41a086faa30f885ab,2022-12-11 21:24:10,1.0,,,,,
59,3D Pudgy Penguin Mint Pass Officials,413,402,https://rarible.com/collection/polygon/0x87464c669d0965269afb434dce222c6e5e049f5d,,Polygon,0x87464c669d0965269afb434dce222c6e5e049f5d,2022-12-11 21:24:12,1.0,,,,,
6,Pudgy Penguin Billionaires,1.1K,334,https://rarible.com/pudgy-penguin-billionaires-official,,Ethereum,0x58d5b35d791c280ddbd9b701efef8fcf9a88f300,2022-10-22 14:25:23,1.0,1.0,,,,
60,3D Pudgy Penguin Mint Pass NFT,413,402,https://rarible.com/collection/polygon/0x897055992d33b08bcdc687fd1577c88cb12942cb,,Polygon,0x897055992d33b08bcdc687fd1577c88cb12942cb,2022-12-11 21:24:14,1.0,,,,,
61,3D Pudgy Penguin Mint Pass Collection,413,402,https://rarible.com/collection/polygon/0x933bd189dde958597035899a2fbe5b6718bc7eb6,,Polygon,0x933bd189dde958597035899a2fbe5b6718bc7eb6,2022-12-11 21:24:10,1.0,,,,,
62,The 3D Pudgy Penguin Mint Pass Official,413,402,https://rarible.com/collection/polygon/0x94615102cfddfafce22989ec8031da470bfadec2,,Polygon,0x94615102cfddfafce22989ec8031da470bfadec2,2022-12-11 21:24:14,1.0,,,,,
63,3D Pudgy Penguin Mint Pass Originals,413,402,https://rarible.com/collection/polygon/0xc0e8e156a1f5369f1c5c8bad95f9facc61b3bbd6,,Polygon,0xc0e8e156a1f5369f1c5c8bad95f9facc61b3bbd6,2022-12-11 21:24:12,1.0,,,,,
65,Pudgy Penguins 3D,520,299,https://rarible.com/collection/polygon/0xdcf9692369c32deca3c7c7152bec5dfdae61057b,,Polygon,0xdcf9692369c32deca3c7c7152bec5dfdae61057b,2021-12-28 11:38:22,1.0,,,,,
66,ZK Pudgy Penguins 🐧,400,43,https://rarible.com/collection/zksync/0xd3aa6d1d0db2046fb4e15b616315bf201a6a57e3,,zkSync,0xd3aa6d1d0db2046fb4e15b616315bf201a6a57e3,2023-09-15 23:40:38,1.0,1.0,,,,
67,NotPudgyPenguins,315,13,https://rarible.com/collection/0x0ef4e8cf23631cc7f8873071ba2124a14f6adadc,,Ethereum,0x0ef4e8cf23631cc7f8873071ba2124a14f6adadc,2022-08-27 11:21:59,1.0,1.0,,,,
68,Pudgy Punk Penguin,304,174,https://rarible.com/collection/0x2e66e882d8f92910acc1aac364138ab331baa04d,,Ethereum,0x2e66e882d8f92910acc1aac364138ab331baa04d,2023-01-24 07:53:35,1.0,,,,,
69,pudgypenguins - 3,190,190,https://rarible.com/collection/0x3866171051681254c2a388dec469b5736c89ac79,,Ethereum,0x3866171051681254c2a388dec469b5736c89ac79,2023-03-27 12:36:11,1.0,,,,,
7,Anatomy Pudgy Penguins,6K,868,https://rarible.com/collection/0x9e4cea1ba3f1fdc80dd2b6ceb20628d03a1b1aea,,Ethereum,0x9e4cea1ba3f1fdc80dd2b6ceb20628d03a1b1aea,2022-09-08 03:38:24,1.0,1.0,,,,
70,Pixel Pudgy Penguins,228,106,https://rarible.com/collection/0x45222a185b71a5f388c0bf81ba523245d42d2218,,Ethereum,0x45222a185b71a5f388c0bf81ba523245d42d2218,2022-08-24 05:56:50,1.0,1.0,,,,
71,pudgypenguins - 3,174,174,https://rarible.com/collection/0x52d41924fda42704fe22267006b8ad4118326eb8,,Ethereum,0x52d41924fda42704fe22267006b8ad4118326eb8,2023-04-04 17:26:59,1.0,,,,,
72,PudgyPenguins404,199,38,https://rarible.com/collection/0xbff1683274325aa3651a557d7e7b39ac9868e568,,Ethereum,0xbff1683274325aa3651a557d7e7b39ac9868e568,2024-02-18 03:37:35,1.0,1.0,,,,
73,RealPudgyPenguin,144,28,https://rarible.com/collection/0xc780a8081525d26dda6427f73569f67f3eb9ae1f,,Ethereum,0xc780a8081525d26dda6427f73569f67f3eb9ae1f,2022-08-23 11:18:09,1.0,,,,,
74,Pudgy Pixel Penguins,197,43,https://rarible.com/collection/0xf68130050a66ff089594102305e9cad4da6f483f,,Ethereum,0xf68130050a66ff089594102305e9cad4da6f483f,2024-01-25 04:30:23,1.0,1.0,,,,
75,Unique_NFT,205,1,https://rarible.com/unique_monkey,,Ethereum,0xfa9dbf05bc7a536ebaa16d3d31d0ec5b6430d3f8,,,,,,,
76,Based Pudgy Penguins,263,70,https://rarible.com/collection/base/0x05574d9ab6473b70804d5f5344b0ae2056bdc0df,,Base,0x05574d9ab6473b70804d5f5344b0ae2056bdc0df,2023-09-29 16:07:55,1.0,1.0,,,,
77,Based PudgyPenguins,333,66,https://rarible.com/collection/base/0x1d5e0531461209db9e4d5daeb7bf0c007d4b4c2a,,Base,0x1d5e0531461209db9e4d5daeb7bf0c007d4b4c2a,2023-10-05 05:58:55,1.0,1.0,,,,
78,Pudgy Penguin,171,155,https://rarible.com/collection/base/0x1d5e0fdab78260fcc56f353175aa0914db5a8bdc,,Base,0x1d5e0fdab78260fcc56f353175aa0914db5a8bdc,2023-10-21 12:47:25,1.0,1.0,,,,
79,Based PudgyPenguins,247,60,https://rarible.com/collection/base/0xd14ea756229141e68c2f70f5413b996fcc78bd73,,Base,0xd14ea756229141e68c2f70f5413b996fcc78bd73,2023-09-27 22:47:15,1.0,1.0,,,,
8,Pudgy Penguins Girls,8.9K,1.6K,https://rarible.com/collection/0xa5349c4097607e54fe9c5426f5e882f70d0bce68,,Ethereum,0xa5349c4097607e54fe9c5426f5e882f70d0bce68,2022-08-25 01:50:22,1.0,,,,,
80,PudgyPenguinsBASE,157,47,https://rarible.com/collection/base/0xdf308f982622a0d59bf94e31bfc44e7aee8421ee,,Base,0xdf308f982622a0d59bf94e31bfc44e7aee8421ee,2023-10-09 03:59:43,1.0,1.0,,,,
81,"Pudgy Penguins x Opepen ""Opepeng"" Set 011",143,16,https://rarible.com/collection/polygon/0x66fca43e950d19ebb7cc0f1d1bf8c7ddfa371f62,,Polygon,0x66fca43e950d19ebb7cc0f1d1bf8c7ddfa371f62,2024-01-24 23:04:44,1.0,,,,,
82,PudgyPenguins,237,81,https://rarible.com/collection/polygon/0x77ee1c82bd293ad0fa1cd7b54b3ff6996b7392e2,,Polygon,0x77ee1c82bd293ad0fa1cd7b54b3ff6996b7392e2,2023-08-10 00:08:14,1.0,1.0,,,,
83,Pudgy Penguin Plushies,237,15,https://rarible.com/collection/polygon/0x8f5b3df85095f858b8b18ff570855c9185ec94bf,,Polygon,0x8f5b3df85095f858b8b18ff570855c9185ec94bf,2024-02-29 11:46:58,1.0,,,,,
84,PudgyPenguins,250,250,https://rarible.com/collection/polygon/0xa40a4588108864468fc8cd7b7e25949617b6a3be,,Polygon,0xa40a4588108864468fc8cd7b7e25949617b6a3be,2022-08-16 16:03:50,1.0,1.0,,,,
86,Penguins Pudgy,310,8,https://rarible.com/collection/polygon/0xc80d38bacf400e7b251a0019627be4496cf9dd39,,Polygon,0xc80d38bacf400e7b251a0019627be4496cf9dd39,2022-12-08 18:15:35,1.0,1.0,,,,
87,Pudgy Penguin Hoodie Originals,36,301,https://rarible.com/collection/0x09d4e80d3d4951934e75f7822480f53caa0ede4e,,Ethereum,0x09d4e80d3d4951934e75f7822480f53caa0ede4e,2022-10-15 11:06:59,1.0,,,,,
88,Pudgy Penguins AI,62,23,https://rarible.com/collection/0x16a60c0f69f820a2d6ae57a0a8e1c7cc881c7ffb,,Ethereum,0x16a60c0f69f820a2d6ae57a0a8e1c7cc881c7ffb,2022-08-25 09:32:23,1.0,,,,,
89,PudgyPenguinsBanana,117,57,https://rarible.com/collection/0x26003026ca82e322809116ca597f15fb6eda8653,,Ethereum,0x26003026ca82e322809116ca597f15fb6eda8653,2023-07-09 20:38:23,1.0,,,,,
9,ENS pudgy penguin,8.9K,4.3K,https://rarible.com/collection/0xc71020127f8d5d8f3f0818aa2518a8f9cdbffefd,,Ethereum,0xc71020127f8d5d8f3f0818aa2518a8f9cdbffefd,2022-08-23 23:16:41,1.0,1.0,,,,
90,3D Pudgy Penguins,106,4,https://rarible.com/collection/0x3ca971fcf53cf5779f086eecbf4b86d065953219,,Ethereum,0x3ca971fcf53cf5779f086eecbf4b86d065953219,2022-08-23 21:30:46,1.0,,,,,
91,Pudgy Penguins 404,63,17,https://rarible.com/collection/0x3e79392d8311525b9495abd4b00cbc321ffaf56f,,Ethereum,0x3e79392d8311525b9495abd4b00cbc321ffaf56f,2024-02-08 19:32:59,1.0,,,,,
92,PudgyPenguinsArt,50,6,https://rarible.com/collection/0x57ce7294155da3150cadd2fb42e54f9b785778ca,,Ethereum,0x57ce7294155da3150cadd2fb42e54f9b785778ca,2021-09-13 17:44:12,1.0,1.0,,,,
93,Keep Calm Pudgy Penguins,138,138,https://rarible.com/collection/0x84ba857ac91670bdc4191d0260ca6c556a4c81e8,,Ethereum,0x84ba857ac91670bdc4191d0260ca6c556a4c81e8,2023-07-31 13:17:47,1.0,,,,,
94,The Pudgy Penguin Hoodie Genesis,32,225,https://rarible.com/collection/0x9ff5e5c2b7b80e1bd2532168e1a8a07de1e8cffc,,Ethereum,0x9ff5e5c2b7b80e1bd2532168e1a8a07de1e8cffc,2022-10-15 11:10:47,1.0,,,,,
95,The Pudgy Penguin Hoodie Original,32,301,https://rarible.com/collection/0xab571b11d076a32ead07e00cc000a94a0bcb0f52,,Ethereum,0xab571b11d076a32ead07e00cc000a94a0bcb0f52,2022-10-15 11:09:47,1.0,,,,,
96,The Pudgy Penguin Hoodie Official,32,301,https://rarible.com/collection/0xae48ec7efd0101aa3bc4e388f5d9bbf5845d2913,,Ethereum,0xae48ec7efd0101aa3bc4e388f5d9bbf5845d2913,2022-10-15 11:08:35,1.0,,,,,
97,Pudgy Penguin Hoodie Official,32,301,https://rarible.com/collection/0xc46f4e053896cc3ef497d77ece119070dd769e3d,,Ethereum,0xc46f4e053896cc3ef497d77ece119070dd769e3d,2022-10-15 11:02:35,1.0,,,,,
98,The Pudgy Penguin Hoodie Limited,32,301,https://rarible.com/collection/0xe3a716ece717638c50ac6d0a9c747f4f0a19860c,,Ethereum,0xe3a716ece717638c50ac6d0a9c747f4f0a19860c,2022-10-15 11:09:23,1.0,,,,,
99,Pudgy Penguin 404,52,11,https://rarible.com/collection/0xe7e236729eeb3a35ce21246f043a9c77c0bc3d16,,Ethereum,0xe7e236729eeb3a35ce21246f043a9c77c0bc3d16,2024-02-08 17:19:23,1.0,,,,,
MATIC,Pudgy Penguins Ladys Club,200,21,https://rarible.com/collection/polygon/0xbb6876331e684152557dd23fca2c980151d4df92,,Polygon,0xbb6876331e684152557dd23fca2c980151d4df92,2022-08-26 08:21:48,1.0,1.0,,,,
MATIC,Pudgy Penguins,16,3,https://rarible.com/PudgyPenguin,,Polygon,0xc2ce342c8f4d10193435b759190721e2d663305e,2023-07-10 14:09:28,1.0,1.0,,,,
MATIC,Chubby Turtles NFT,3.3K,8,https://rarible.com/chubbyturtlesnft,,Polygon,0x6b2f157d6f336e8fc4f5b1e31fc0dc9f14dbef26,2023-10-11 01:06:00,,,,,,
MATIC,PudgyPenguins,12,4,https://rarible.com/collection/polygon/0x8327e620608f9e8539b0b8329173de326255eb0a,,Polygon,0x8327e620608f9e8539b0b8329173de326255eb0a,2022-08-13 07:48:52,1.0,1.0,,,,
MATIC,Pudgy Penguins Polygon (PPP),730,313,https://rarible.com/collection/polygon/0xdaa2b73c91fe2b5e0ad23d7ac7a9a546d3115a98,,Polygon,0xdaa2b73c91fe2b5e0ad23d7ac7a9a546d3115a98,2023-05-17 02:34:04,1.0,1.0,,,,
MATIC,White Bears,17,1,https://rarible.com/whitebears,,Polygon,0x4d7b8e7d0cb902c60c2d422e6d37f7e279297a16,2024-01-19 14:09:00,,,,,,
MATIC,PudgyPenguins313,23,24,https://rarible.com/collection/polygon/0x145d7d35a492b188cbb915299ac9a68d8410d749,,Polygon,0x145d7d35a492b188cbb915299ac9a68d8410d749,2024-05-13 05:47:54,1.0,,,,,
